word	on.g1.n	on.g1.m	on.g1.se	on.g2.n	on.g2.m	on.g2.se	on.g3.n	on.g3.m	on.g3.se	on.g4.n	on.g4.m	on.g4.se	on.g6.n	on.g6.m	on.g6.se	on.ya.n	on.ya.m	on.ya.se	on.oa.n	on.oa.m	on.oa.se
Abend	12	1141	93	15	946	85	19	772	51	10	741	59	19	563	32	21	423	16	19	455	23
Abschied	16	1096	95	7	1031	104	16	819	53	6	710	57	14	586	33	18	397	15	18	488	25
Abwasser	NA	NA	NA	12	1133	108	20	846	54	10	804	62	18	634	36	20	411	16	18	502	26
Adler	15	1361	128	10	1067	102	21	793	53	9	743	57	19	613	36	21	401	15	17	464	24
Adresse	15	1255	109	13	1002	99	19	876	58	10	738	61	20	582	34	20	385	14	18	461	23
Affe	18	987	79	7	918	93	21	671	43	10	628	50	15	553	32	21	387	15	18	451	23
Alarm	17	1117	90	11	1046	95	21	795	52	11	668	52	18	542	31	20	388	14	18	454	23
Allergie	NA	NA	NA	10	1086	105	21	977	63	10	783	65	19	623	37	21	396	15	17	478	24
alt	NA	NA	NA	11	914	81	17	690	44	9	652	49	20	550	31	21	388	14	18	456	23
Ameise	9	993	77	8	989	94	20	752	50	9	762	60	20	576	33	21	394	15	18	473	24
Ampel	16	1104	82	14	898	86	22	809	54	13	672	53	20	565	32	21	389	14	19	456	23
Amsel	12	1006	77	13	1076	103	20	796	52	12	662	55	19	564	32	21	395	15	18	451	23
ändern	NA	NA	NA	15	1013	103	23	808	51	11	705	57	20	557	32	19	406	15	18	482	24
Anfang	10	1244	100	15	1079	107	23	726	48	13	707	56	19	563	32	20	393	15	19	465	23
anfassen	NA	NA	NA	16	1062	99	18	866	59	11	738	58	19	586	34	20	399	15	19	467	24
Angel	NA	NA	NA	12	953	97	19	775	55	9	709	56	20	574	34	20	393	15	16	465	24
Angst	14	1124	95	9	966	89	16	680	44	9	681	52	17	573	33	22	381	14	19	455	23
Anker	NA	NA	NA	10	1045	101	19	844	56	8	721	58	19	560	33	21	397	15	18	431	22
anrufen	NA	NA	NA	13	1057	101	21	861	55	13	716	54	19	567	33	21	398	15	19	480	25
Antenne	13	1122	86	6	1009	105	18	856	57	9	785	63	19	621	37	20	412	15	18	458	23
Antilope	NA	NA	NA	10	1112	102	23	1002	65	12	867	68	20	692	41	21	408	15	18	473	24
Antwort	NA	NA	NA	12	1005	91	22	735	48	12	681	53	20	584	34	22	375	14	18	470	24
anziehen	NA	NA	NA	7	1083	100	21	818	54	13	733	57	17	595	34	22	413	16	19	468	24
Apfel	9	1050	79	10	885	80	20	699	45	9	617	50	18	530	31	21	400	15	19	467	24
Apfelsine	NA	NA	NA	11	1065	103	20	930	65	9	855	71	18	601	35	22	417	16	19	495	25
April	11	1188	94	10	977	93	17	792	51	8	659	53	18	565	32	21	394	15	17	481	25
Arbeit	14	1162	93	14	984	94	23	769	49	12	709	53	19	584	34	22	393	15	19	453	23
Ärger	18	1228	102	6	1029	100	16	785	51	9	743	57	18	582	34	19	390	15	18	462	23
Arm	13	1048	79	8	922	83	16	697	45	9	662	51	18	586	33	19	407	15	17	440	22
Art	15	1111	85	8	941	84	22	682	43	10	667	51	18	551	32	21	390	15	17	468	24
Arzt	17	1142	86	10	1019	101	18	700	46	9	690	55	20	548	31	21	397	15	18	475	25
Ast	18	1031	78	9	918	85	18	767	50	9	647	52	19	570	33	20	396	15	18	451	23
Aufgabe	16	1065	93	13	1009	100	21	710	46	12	691	51	19	564	33	20	379	14	16	445	22
aufgeben	NA	NA	NA	10	1144	113	18	781	50	6	713	53	18	571	34	21	405	15	17	457	23
aufpassen	NA	NA	NA	6	1078	107	18	878	56	6	731	59	7	607	35	20	407	16	18	498	25
Aufsatz	18	1164	89	11	1004	102	20	866	56	8	711	54	18	555	32	20	408	15	18	474	24
Auge	10	1040	76	11	889	82	16	714	47	8	716	54	18	536	31	19	383	14	19	482	25
August	15	1155	93	8	1128	109	22	814	54	9	697	56	19	597	36	21	405	15	19	466	24
Ausblick	NA	NA	NA	7	1065	98	21	823	53	12	778	61	17	597	34	22	404	15	19	469	24
Auto	14	1050	83	8	906	85	17	689	45	10	590	48	20	545	31	21	394	15	17	471	24
Autobahn	NA	NA	NA	9	1111	106	19	838	54	10	812	66	20	590	34	21	407	16	18	481	25
Automatik	NA	NA	NA	7	1068	106	20	843	55	10	699	55	20	632	36	21	405	15	18	492	25
Bad	16	1192	91	8	928	94	18	722	47	10	677	55	19	556	32	20	400	15	18	453	23
Bagger	NA	NA	NA	11	1057	99	21	825	52	8	704	53	20	637	37	20	415	16	18	498	25
Bahn	17	1308	103	11	997	101	20	719	46	10	657	52	20	586	34	21	391	15	16	479	24
Bahnhof	NA	NA	NA	11	1085	102	17	786	49	7	727	54	19	576	33	21	397	15	18	493	25
Ball	11	1170	94	14	970	96	20	674	42	13	669	50	20	532	31	22	393	15	19	471	24
Ballerina	NA	NA	NA	15	1027	100	20	986	66	11	809	64	20	670	38	21	416	16	18	521	27
Banane	18	1187	95	13	1031	95	17	757	50	13	724	56	18	573	33	20	399	15	19	474	24
Bank	18	1160	89	12	922	84	20	672	43	10	644	49	20	531	30	21	389	15	18	474	24
Bär	18	1164	93	13	963	92	20	715	46	10	681	56	19	544	32	20	407	15	19	480	24
Bart	15	1306	103	14	972	94	22	761	49	13	715	58	20	573	33	22	405	15	18	462	23
Bass	NA	NA	NA	12	1032	97	21	816	52	11	766	62	19	598	34	21	395	15	18	486	25
basteln	NA	NA	NA	14	1193	121	20	826	53	11	771	57	18	605	36	21	394	15	18	467	23
Batterie	17	1325	103	11	1216	110	21	924	64	9	817	65	18	627	37	22	397	15	19	483	25
Bau	18	1105	84	10	889	85	21	683	43	9	651	48	19	528	31	21	390	15	19	477	24
Bauch	18	1236	93	13	1081	100	18	689	45	12	662	54	19	579	34	21	391	15	17	450	23
Bauer	12	1279	98	10	957	93	21	709	46	9	700	54	19	546	31	22	397	15	19	480	24
Baum	19	1275	95	14	941	85	22	672	43	12	619	50	18	549	32	22	397	15	19	467	24
Becher	13	1195	99	14	1068	104	18	837	52	11	748	57	18	576	33	21	394	15	17	473	24
Beere	NA	NA	NA	15	1093	106	19	837	56	12	716	57	18	586	34	21	409	15	17	492	25
beginnen	NA	NA	NA	12	1285	122	21	797	52	13	680	51	17	595	35	22	395	15	19	472	24
Bein	18	1115	84	10	925	88	19	712	45	9	627	47	20	562	33	21	396	15	18	473	24
Beispiel	NA	NA	NA	14	1112	102	17	823	55	10	738	56	20	595	34	21	408	15	19	496	25
bekommen	NA	NA	NA	16	1103	103	17	809	53	11	727	57	18	595	34	19	409	15	18	478	24
bellen	NA	NA	NA	10	1092	111	16	850	55	8	752	61	19	615	35	21	413	15	18	482	24
Berater	12	1442	118	14	1187	123	21	974	63	12	775	63	19	648	39	21	392	15	18	467	24
Berg	16	1277	96	8	1046	104	21	708	44	10	645	48	19	559	32	20	388	14	19	467	23
Beruf	16	1358	107	12	1105	109	22	753	50	13	718	57	18	560	32	22	410	15	18	516	26
Besen	16	1214	91	12	1025	100	21	828	58	9	768	59	19	592	34	21	394	15	18	460	23
besuchen	NA	NA	NA	10	1192	118	19	822	55	10	773	61	20	622	36	19	401	16	18	472	24
Besucher	16	1383	107	14	1077	107	17	827	52	11	800	60	18	579	33	21	413	15	18	466	23
beten	NA	NA	NA	11	1101	126	22	881	63	13	885	70	19	619	36	22	405	15	19	472	24
Bett	14	1080	96	15	842	83	17	686	45	11	673	53	19	559	32	21	396	15	19	480	24
Bettdecke	NA	NA	NA	10	1155	123	22	1018	68	9	848	70	19	621	35	21	408	16	18	494	25
Beule	17	1452	109	7	1297	121	21	918	59	10	782	59	18	631	38	22	404	15	19	492	25
Beutel	15	1415	111	11	1103	112	18	847	55	10	716	58	16	574	33	21	409	15	17	474	24
bewegen	NA	NA	NA	15	1033	95	15	806	53	10	701	53	19	548	31	20	400	15	19	472	24
bezahlen	NA	NA	NA	11	1071	104	22	850	55	12	716	58	17	594	34	22	412	16	19	472	24
Biene	12	1365	114	9	1016	99	22	741	47	13	701	52	19	575	33	22	391	15	19	478	24
bieten	NA	NA	NA	15	1237	128	21	998	67	9	769	61	18	617	35	19	410	15	18	460	23
Bild	12	1187	95	12	980	95	20	746	48	9	697	55	19	549	32	20	408	16	18	469	24
billig	NA	NA	NA	16	1115	104	19	878	57	11	735	57	19	551	32	22	403	15	18	464	23
binden	NA	NA	NA	7	1029	102	17	856	57	10	727	60	19	611	36	20	410	15	18	503	25
Birne	16	1236	99	13	995	92	20	833	54	9	741	59	18	577	33	19	399	15	18	480	25
bitter	NA	NA	NA	7	978	89	22	826	57	10	683	54	19	579	33	20	396	15	19	480	24
Blatt	15	1261	98	7	879	80	20	682	44	12	648	48	18	542	31	21	396	15	19	445	22
blau	NA	NA	NA	9	995	89	21	723	46	11	645	52	19	520	30	20	392	15	19	468	24
Blei	NA	NA	NA	8	950	85	13	752	48	8	714	55	18	567	32	21	386	14	17	461	23
bleiben	NA	NA	NA	11	999	91	19	774	49	10	708	53	19	591	34	18	407	15	18	470	23
blind	NA	NA	NA	12	1036	103	13	789	54	9	718	57	19	587	34	21	391	15	19	458	23
Blitz	17	1221	90	8	976	95	19	690	45	13	673	54	18	555	32	22	393	15	18	469	24
Block	17	1127	89	13	942	86	20	698	45	7	685	53	20	561	33	21	395	15	17	468	24
blöd	NA	NA	NA	9	977	86	21	731	48	10	669	52	19	561	32	22	382	14	18	464	23
blond	NA	NA	NA	13	1122	103	18	816	57	10	700	57	20	556	32	20	386	14	18	470	24
blühen	NA	NA	NA	15	1037	99	23	838	54	13	735	57	19	602	34	22	408	15	17	485	24
Blume	14	1133	85	15	904	80	22	731	46	12	678	51	20	573	33	22	395	15	18	469	25
Blut	15	1108	84	8	987	96	17	725	47	10	607	49	19	524	30	19	395	15	18	481	25
Boden	8	1454	113	15	949	90	19	774	50	11	737	61	18	566	33	21	398	15	19	463	24
Bohne	6	1343	110	11	1094	102	21	791	52	11	735	57	19	573	33	20	417	16	17	503	26
Bombe	13	1218	99	9	969	101	19	916	60	10	725	59	20	620	36	21	395	15	18	453	23
Boot	10	1128	87	10	891	88	15	699	46	8	728	57	17	558	33	21	413	16	18	479	24
böse	NA	NA	NA	8	950	88	21	767	51	12	642	50	18	572	32	22	386	14	19	440	22
boxen	NA	NA	NA	9	1017	95	23	760	49	13	706	53	19	567	33	22	406	15	18	489	24
Brand	11	1402	109	10	1105	115	20	742	50	11	708	56	20	588	33	22	405	15	19	481	24
braten	NA	NA	NA	9	1018	97	19	874	58	10	776	59	19	611	35	21	412	16	17	473	24
brauchen	NA	NA	NA	10	1102	103	22	824	53	13	798	66	20	602	35	21	401	15	18	469	23
braun	NA	NA	NA	9	1015	95	16	735	47	10	698	56	19	564	32	21	393	15	18	456	23
brav	NA	NA	NA	9	971	101	20	790	51	10	704	57	17	548	32	19	397	15	17	474	24
brechen	NA	NA	NA	14	1268	117	20	887	60	12	722	56	19	597	34	21	389	15	17	475	24
Bremse	14	1399	107	9	1121	103	20	794	54	12	688	53	19	567	33	21	407	15	18	459	23
brennen	NA	NA	NA	15	1036	97	22	780	52	12	696	54	20	575	33	22	381	14	17	495	25
Brett	15	1265	113	14	1024	93	17	729	46	11	685	51	19	535	30	22	395	15	19	473	24
Brief	11	1250	104	10	969	88	20	735	48	10	647	49	18	556	32	22	392	15	19	475	24
Brille	15	1276	96	9	973	88	20	719	46	9	678	52	19	566	33	21	402	15	18	463	24
bringen	NA	NA	NA	15	1136	113	21	801	51	8	714	56	18	602	34	21	401	15	17	471	24
Brot	15	1116	87	16	952	86	19	694	45	9	647	49	20	572	33	19	428	16	18	481	24
Brötchen	5	1374	114	11	1079	105	20	866	58	11	705	55	19	620	36	21	419	16	17	489	25
Brotdose	NA	NA	NA	13	1145	104	15	1004	70	10	867	70	17	659	38	22	456	17	19	559	28
Brücke	17	1308	117	13	1088	106	20	763	48	12	686	53	18	578	33	21	405	15	18	452	23
Bruder	15	1263	103	12	1142	119	21	811	55	8	721	57	19	565	32	20	429	16	17	513	26
brummen	NA	NA	NA	16	1058	103	19	850	58	11	773	62	18	633	36	22	423	16	19	504	26
Brunnen	16	1304	111	11	1127	114	21	818	53	9	707	57	19	626	37	21	417	16	17	484	24
Buch	9	1232	94	13	1026	96	19	693	45	11	693	56	19	588	34	20	425	16	19	476	25
Buchstabe	NA	NA	NA	11	1114	110	21	874	57	12	802	61	19	627	36	20	436	16	18	507	26
Bucht	NA	NA	NA	7	1046	109	11	850	61	7	739	65	17	640	37	17	401	15	17	482	24
bunt	NA	NA	NA	10	988	96	19	737	48	9	687	53	20	560	32	19	395	15	14	466	24
Burg	15	1143	89	15	1020	101	19	754	48	13	709	56	19	580	33	21	417	16	19	491	25
Bürste	15	1426	114	9	1110	108	22	856	56	10	808	67	19	590	34	21	390	15	18	456	23
Bus	15	1100	87	14	915	91	17	712	46	10	694	55	19	585	33	22	402	15	17	483	24
Busch	14	1249	93	13	1057	97	16	829	53	8	705	56	18	573	33	20	420	16	18	473	24
Butter	11	1256	97	11	1007	91	18	696	46	7	679	52	20	578	33	21	390	15	18	463	24
Butterbrot	NA	NA	NA	13	1256	113	20	975	65	12	849	67	18	632	36	19	423	16	17	508	25
Clown	8	1229	120	12	1059	107	17	813	54	9	730	59	19	552	31	20	391	15	17	477	25
Computer	NA	NA	NA	11	1015	103	16	767	50	10	714	56	19	556	32	21	409	15	18	483	24
Dach	18	1051	86	14	928	83	20	666	42	7	662	50	19	541	31	21	381	14	18	458	23
Dackel	NA	NA	NA	14	1063	103	22	828	55	13	783	62	20	606	36	22	395	15	19	474	24
Dame	12	1128	85	12	932	89	21	728	46	11	645	48	18	549	32	21	377	14	17	456	23
dauern	NA	NA	NA	11	1210	129	18	788	52	11	733	58	19	566	33	20	397	15	18	456	23
Daumen	14	1440	112	11	1161	115	21	808	53	9	765	60	20	569	33	20	406	15	18	447	23
Decke	15	1232	94	9	1070	104	19	792	52	10	641	51	15	570	33	21	388	15	17	474	24
Deckel	16	1338	116	13	1080	103	18	842	55	11	783	63	18	603	34	20	396	15	18	449	23
denken	NA	NA	NA	10	955	97	22	806	53	9	706	56	19	559	32	21	394	15	18	480	24
deutsch	NA	NA	NA	12	1006	96	19	753	48	8	720	55	18	556	32	21	402	15	18	486	25
Dezember	NA	NA	NA	9	1028	98	13	766	50	4	711	61	18	594	34	21	405	15	18	468	24
Diamant	NA	NA	NA	7	1389	138	18	962	63	8	735	63	19	601	35	19	402	15	18	483	24
dicht	NA	NA	NA	13	1009	92	20	755	51	10	724	56	20	551	32	21	386	14	19	455	23
dick	NA	NA	NA	15	902	89	19	689	44	11	683	51	20	573	33	22	396	15	19	481	24
Dieb	12	1226	95	11	1026	95	21	765	50	13	726	55	17	575	33	21	399	15	16	478	24
Diener	17	1314	102	12	1083	105	17	830	56	11	734	58	20	594	35	22	395	15	19	459	23
Dienstag	10	1270	98	9	1042	95	16	728	49	7	701	55	18	566	32	21	404	15	18	479	24
Ding	14	1172	92	10	1045	101	20	757	49	10	780	63	20	591	34	21	404	15	18	467	24
Direktor	13	1348	112	8	1187	120	20	958	65	8	741	59	19	598	34	17	404	15	17	497	25
Doktor	15	1300	116	12	1021	97	21	823	53	13	738	60	19	603	35	22	386	15	19	466	24
Donnerstag	NA	NA	NA	16	1031	98	20	824	52	11	719	54	19	545	31	22	394	15	19	455	23
doof	NA	NA	NA	10	1079	97	23	777	53	13	642	51	19	585	34	21	380	14	19	462	23
Dorf	12	1285	96	10	926	87	21	752	49	9	643	50	18	536	31	22	392	15	19	476	24
Dose	NA	NA	NA	9	981	95	18	691	45	11	651	51	18	534	31	21	383	14	16	475	24
Drache	13	1168	95	14	1061	107	19	738	48	10	679	54	20	594	34	21	387	15	19	464	23
Draht	NA	NA	NA	11	1030	110	19	799	51	10	717	57	19	572	33	21	392	15	16	458	23
Dreck	NA	NA	NA	14	1027	96	17	791	52	11	717	55	19	603	34	21	378	14	19	459	23
drehen	NA	NA	NA	9	1038	94	23	702	48	13	695	54	19	569	32	22	394	15	18	449	23
Druck	13	1279	109	11	1095	114	19	766	51	9	667	53	20	568	32	20	401	15	18	461	23
dumm	NA	NA	NA	13	989	89	20	706	45	12	651	49	19	559	32	21	387	15	18	479	24
dunkel	NA	NA	NA	8	1003	92	21	753	48	7	655	51	19	572	33	22	375	14	19	483	24
dünn	NA	NA	NA	8	991	100	20	740	47	10	620	51	19	574	33	21	398	15	18	478	24
Dunst	NA	NA	NA	10	1226	119	19	831	53	9	720	56	19	599	35	19	401	15	18	484	24
Durst	17	1318	104	9	1014	105	19	720	47	10	677	53	20	575	33	21	419	16	18	466	24
echt	NA	NA	NA	4	1064	105	15	744	48	10	642	52	19	554	32	16	398	15	17	465	23
Ecke	18	1334	103	14	946	92	22	802	52	9	630	51	19	573	33	21	405	15	18	467	24
Eichhörnchen	NA	NA	NA	11	1117	103	20	874	56	13	865	67	19	663	38	22	439	17	19	516	27
Eimer	10	1242	95	7	989	88	20	860	54	10	783	58	20	614	35	21	409	16	16	481	24
einfach	NA	NA	NA	14	1032	92	20	752	48	13	645	53	20	551	32	22	398	15	18	461	24
Eingang	14	1219	99	14	1037	92	19	835	55	11	772	62	20	625	36	21	398	15	17	461	23
eingeben	NA	NA	NA	13	1093	104	17	935	61	11	721	56	20	623	36	20	398	15	19	473	24
Einsicht	NA	NA	NA	9	1118	103	20	927	65	9	809	64	19	639	38	22	401	15	19	480	24
Eis	16	1011	76	12	866	80	21	711	46	12	643	49	18	565	32	21	396	15	17	467	24
Eisen	15	1087	92	14	1010	93	20	944	61	13	836	63	19	620	36	22	392	15	19	490	25
Eiskugel	NA	NA	NA	8	1115	104	21	857	55	9	770	64	17	591	34	21	422	16	17	499	25
Elefant	14	1355	107	13	1096	97	21	782	52	13	777	60	20	584	34	20	407	15	19	487	24
Ende	14	1231	99	13	942	90	23	704	45	13	640	52	20	565	32	21	387	15	19	472	24
eng	NA	NA	NA	10	1026	95	21	719	47	10	719	56	18	576	33	22	402	15	19	461	23
Engel	16	1271	99	11	965	92	19	741	48	12	708	54	18	592	34	20	412	16	16	468	24
Enkelin	NA	NA	NA	11	1253	130	18	991	75	10	880	75	20	739	43	21	412	16	16	482	25
Ente	16	1088	89	14	961	93	21	757	50	12	673	54	19	550	31	21	403	16	19	486	26
Erbse	18	1316	105	11	1103	99	19	895	59	12	703	52	19	640	37	22	393	15	19	468	23
Erde	12	1166	93	11	953	94	21	746	47	10	643	51	20	538	31	20	410	15	18	472	24
erfinden	NA	NA	NA	14	1224	110	20	838	53	12	730	56	18	582	33	21	406	16	17	466	24
Erfindung	NA	NA	NA	11	1225	111	21	914	62	9	812	64	20	615	35	21	392	15	18	472	24
Erinnerung	NA	NA	NA	7	1231	113	21	969	67	12	863	71	18	655	38	21	395	15	18	467	24
erklären	NA	NA	NA	14	1129	108	20	848	57	11	673	57	18	556	32	20	408	15	18	480	24
erlauben	NA	NA	NA	14	1087	100	20	811	53	11	708	54	20	585	34	21	392	15	18	472	24
Ernte	NA	NA	NA	11	1150	108	21	859	58	9	866	70	19	618	36	20	399	15	19	472	24
ersticken	NA	NA	NA	14	1217	116	21	920	63	9	775	61	19	690	40	20	388	15	17	482	24
erwischen	NA	NA	NA	9	1126	102	23	914	59	13	724	62	19	589	34	21	385	14	19	490	25
erzählen	NA	NA	NA	11	1003	91	21	800	51	9	683	51	19	597	34	21	408	15	16	466	23
erziehen	NA	NA	NA	14	1019	95	18	925	59	11	774	60	20	601	35	21	396	15	18	496	25
Esel	NA	NA	NA	9	1050	100	19	765	51	10	729	56	20	576	33	21	401	15	17	449	23
essen	NA	NA	NA	8	971	87	22	720	45	10	689	51	19	564	32	21	411	16	19	442	22
Eule	11	1257	95	12	1052	100	19	768	49	11	664	54	19	579	33	20	418	16	17	472	24
Explosion	NA	NA	NA	12	1192	118	19	904	59	9	776	61	18	650	39	21	413	16	18	493	25
Fabrik	14	1146	90	11	982	91	19	741	49	7	668	52	19	579	34	21	379	14	18	464	23
Fach	14	948	70	14	887	86	17	623	40	9	712	58	17	570	33	18	374	14	18	449	23
Faden	18	1166	99	13	950	89	21	754	50	10	700	58	18	583	34	17	392	15	18	449	23
Fahne	16	1220	96	11	959	95	23	772	56	13	669	64	20	597	35	20	388	15	18	450	23
Fähre	19	1099	84	15	964	100	21	810	54	13	757	63	20	622	36	20	400	15	19	448	23
fahren	NA	NA	NA	13	988	91	18	718	47	11	623	49	16	573	33	21	385	14	18	459	23
Fahrrad	16	1079	84	10	1037	93	18	672	44	12	662	51	18	585	33	21	387	14	17	454	23
Fall	14	1030	81	11	915	87	20	638	41	12	603	45	18	557	33	21	382	14	17	439	23
Familie	NA	NA	NA	8	944	83	18	728	49	8	639	49	17	553	32	20	389	15	16	448	22
fangen	NA	NA	NA	8	935	88	20	776	53	9	641	50	19	573	33	20	376	14	18	443	22
Fantasie	NA	NA	NA	5	1045	103	14	817	56	7	741	63	12	622	36	17	383	14	18	485	25
Farbe	12	1133	89	10	892	87	14	726	47	8	605	48	20	557	32	22	402	15	19	455	23
Fasching	NA	NA	NA	6	1038	105	17	873	57	7	845	70	14	610	35	21	392	15	17	482	25
fassen	NA	NA	NA	16	987	92	19	694	44	9	664	49	20	545	31	20	371	14	19	453	23
fast	NA	NA	NA	14	875	77	23	665	43	13	598	46	19	557	32	22	368	14	19	456	23
faul	NA	NA	NA	9	877	85	21	689	43	9	586	44	16	551	32	20	377	14	18	443	22
Faust	15	1119	85	12	988	96	21	751	48	6	735	59	19	593	34	22	398	15	19	453	23
Februar	NA	NA	NA	12	1017	101	20	779	52	11	681	53	18	593	34	21	407	15	18	476	25
Feder	15	1086	83	12	947	86	21	709	47	8	682	54	20	567	32	21	387	15	18	455	23
Fee	12	997	74	14	808	76	20	671	44	11	621	50	18	568	32	22	395	15	18	433	22
fegen	NA	NA	NA	10	1003	96	21	811	53	13	683	54	17	630	36	21	391	15	17	456	24
fehlen	NA	NA	NA	11	997	91	21	733	50	9	656	51	18	576	33	22	384	14	19	454	23
Fehler	17	1216	99	8	1127	112	17	674	42	9	644	48	19	552	32	22	384	14	17	439	22
feiern	NA	NA	NA	9	1037	99	18	767	50	10	656	53	20	571	32	21	386	15	18	477	24
fein	NA	NA	NA	15	911	84	19	673	44	11	652	49	20	566	33	22	373	14	19	446	23
Feind	NA	NA	NA	8	938	95	19	702	45	10	672	57	20	558	32	21	393	15	18	466	23
Feld	18	1091	83	9	943	96	17	674	44	9	660	52	19	557	32	21	387	15	18	451	23
Fell	13	1016	81	9	838	81	17	624	41	11	627	51	16	580	33	21	397	15	19	451	23
Fenster	NA	NA	NA	12	978	97	18	745	49	10	669	53	19	563	32	22	391	15	19	467	24
Ferien	NA	NA	NA	9	1037	118	21	807	57	10	728	58	18	606	35	22	395	16	19	469	24
fernsehen	NA	NA	NA	10	1049	104	20	838	58	9	691	56	20	591	35	21	386	14	18	473	24
fest	NA	NA	NA	9	872	79	20	651	41	10	615	50	20	559	32	21	383	14	18	446	23
Festung	14	1114	93	10	996	95	18	813	53	10	708	53	20	586	34	21	390	15	18	449	22
Feuer	12	992	78	13	852	88	18	644	42	11	655	52	14	570	32	20	390	15	18	452	23
Figur	17	1071	84	8	1070	97	18	709	46	8	649	48	15	565	32	22	386	14	19	465	23
Film	9	977	73	12	906	82	20	629	42	10	636	49	19	537	31	20	387	15	17	447	23
finden	NA	NA	NA	12	999	92	20	669	45	12	607	47	18	561	32	21	371	14	18	454	23
Finger	14	1064	81	8	936	93	16	734	48	10	681	55	19	543	31	20	380	14	18	450	23
Fisch	13	1049	77	9	919	86	18	685	44	10	625	47	20	567	33	21	394	15	18	467	24
Fischer	8	1071	82	9	1006	91	20	765	50	9	720	54	19	622	36	20	389	15	18	448	22
Flamingo	NA	NA	NA	11	1204	122	18	813	52	10	765	62	16	622	37	20	401	15	18	484	25
Flasche	16	1116	88	7	943	92	20	725	48	11	632	52	17	600	34	22	389	15	17	471	24
Fleck	17	1151	94	10	942	87	18	681	44	9	642	48	16	572	32	20	375	14	18	447	22
Fleisch	16	1073	83	10	976	90	22	698	44	11	654	49	18	548	31	21	379	14	19	456	23
Fleiß	NA	NA	NA	11	956	93	21	723	46	9	601	47	18	569	33	21	383	14	18	445	22
Fliege	13	1097	85	13	921	88	20	717	47	9	686	52	19	601	35	21	377	14	18	459	24
fliegen	NA	NA	NA	9	1022	97	21	697	47	10	646	51	19	597	34	22	399	15	18	442	23
fliehen	NA	NA	NA	11	964	88	21	796	51	10	675	51	19	588	34	19	408	15	17	461	23
fließen	NA	NA	NA	10	951	91	18	800	53	10	665	50	19	579	33	22	392	15	17	472	24
Flöte	14	1135	93	13	904	86	16	724	46	8	613	48	20	607	34	21	389	15	19	466	24
Flugzeug	NA	NA	NA	5	1034	94	22	785	51	9	700	53	19	607	35	20	416	16	18	480	25
flüssig	NA	NA	NA	14	972	93	22	705	45	13	746	60	20	586	33	20	396	15	19	450	23
flüstern	NA	NA	NA	16	1050	97	21	769	49	9	670	50	20	601	35	22	392	15	19	472	24
folgen	NA	NA	NA	13	969	101	21	761	49	11	638	48	20	560	33	22	406	15	18	444	22
Form	10	1099	83	10	899	82	19	738	48	10	604	47	20	562	33	22	396	15	19	454	23
Foto	11	1010	75	16	922	84	19	644	42	11	608	47	20	557	32	22	390	15	19	466	24
fragen	NA	NA	NA	9	770	73	22	718	46	9	645	52	19	627	36	22	374	14	19	442	22
Frau	13	1156	93	13	888	81	20	681	44	11	629	51	19	567	33	20	381	14	18	444	23
frech	NA	NA	NA	10	958	95	18	665	42	7	606	45	20	585	34	21	370	14	17	458	23
frei	NA	NA	NA	14	954	91	21	661	42	11	575	46	19	562	32	21	391	15	17	426	22
Freitag	17	1132	89	13	948	86	21	711	47	12	669	52	19	599	34	21	394	15	18	463	23
fremd	NA	NA	NA	10	1081	107	20	700	46	10	662	52	20	559	32	21	385	14	18	449	23
fressen	NA	NA	NA	14	960	97	19	711	45	9	701	55	19	575	33	19	390	15	17	438	22
Freude	15	1213	99	9	985	102	22	678	47	13	592	52	17	588	36	22	398	15	17	443	22
freuen	NA	NA	NA	13	982	105	20	709	47	11	704	57	18	617	35	20	397	15	18	467	24
Freundin	10	1152	87	13	1000	94	22	794	52	10	664	51	18	608	35	22	398	15	17	457	23
freundlich	NA	NA	NA	14	1044	98	18	917	60	11	744	60	19	589	34	21	405	15	19	444	22
Frieden	16	1177	102	14	974	93	21	741	49	11	673	57	18	548	31	21	389	15	18	450	23
frieren	NA	NA	NA	10	1080	98	20	877	60	9	690	56	20	648	38	21	386	15	18	461	23
frisch	NA	NA	NA	13	988	91	21	735	47	7	686	54	18	587	34	21	408	16	15	429	22
froh	NA	NA	NA	8	921	88	19	677	42	10	588	44	20	590	34	19	396	15	18	453	23
Frosch	15	1053	83	15	912	82	22	663	43	9	626	47	19	612	35	21	377	14	17	467	23
Frost	14	1109	96	13	982	91	19	788	53	9	645	50	17	595	35	22	403	15	19	474	24
früh	NA	NA	NA	10	935	91	17	741	49	11	644	49	15	556	32	19	387	15	16	437	22
Frühjahr	NA	NA	NA	9	1107	106	19	803	52	7	768	58	20	676	39	20	407	15	18	473	24
Frühling	NA	NA	NA	8	980	95	20	826	52	10	697	53	19	603	34	22	391	15	19	473	24
fühlen	NA	NA	NA	10	981	99	22	773	52	9	723	60	19	581	34	21	377	14	17	459	24
führen	NA	NA	NA	8	1030	104	19	776	50	10	688	56	20	578	33	21	386	15	18	475	24
füllen	NA	NA	NA	11	925	102	22	780	56	13	707	60	18	581	37	19	391	15	18	453	23
Füller	12	1057	85	9	1061	103	20	740	53	10	742	61	20	607	34	20	396	15	18	450	22
Furcht	10	1255	112	14	1059	113	20	794	54	11	741	63	19	596	36	20	404	15	18	442	23
Fuß	15	978	75	10	869	77	17	634	42	8	599	48	20	565	32	21	387	15	18	466	23
Fußball	18	1151	87	12	988	90	20	706	44	10	656	49	19	590	34	21	407	15	17	492	25
Futter	17	1157	88	6	1008	100	16	687	44	9	601	49	19	564	34	21	390	15	18	468	24
füttern	NA	NA	NA	9	1082	101	20	779	50	10	722	64	19	615	35	21	378	14	19	458	23
Gabel	17	1278	102	14	1048	98	18	733	48	11	674	52	19	572	33	21	388	15	18	461	23
Gang	11	1219	96	12	1004	94	23	747	47	13	666	50	17	555	32	22	400	15	19	491	25
Gans	13	1181	100	9	905	85	20	753	48	10	695	58	20	560	32	21	386	15	18	456	23
Garten	6	1124	93	12	1042	95	18	707	46	11	720	56	19	554	32	22	389	14	18	456	23
Gas	14	1111	89	15	904	88	19	670	43	11	642	48	20	554	33	22	400	15	19	474	24
Gast	15	1328	111	13	1061	101	18	748	48	9	621	50	17	580	34	20	398	15	17	472	24
Gebäude	NA	NA	NA	8	1082	110	19	791	54	10	717	58	19	579	33	21	415	15	17	473	24
geben	NA	NA	NA	7	1023	101	16	795	53	10	676	53	17	573	33	22	396	15	19	450	23
Geburtstag	NA	NA	NA	15	1206	108	21	758	50	9	735	57	19	573	33	20	430	16	18	490	25
Gefahr	14	1372	103	10	1145	116	22	789	52	13	636	50	18	566	32	22	390	15	19	477	24
Gegend	NA	NA	NA	10	1078	107	21	909	62	11	716	58	19	639	37	22	417	16	19	478	24
Gegensatz	NA	NA	NA	13	1010	100	20	967	65	9	808	62	20	638	38	20	397	15	18	473	24
Gegenteil	NA	NA	NA	9	1283	133	21	1030	66	9	831	62	18	658	39	21	395	15	19	465	23
Geheimnis	NA	NA	NA	13	1123	105	21	868	58	11	735	58	18	626	36	21	409	15	17	468	23
gehen	NA	NA	NA	7	1027	102	21	724	46	10	705	56	19	563	33	21	403	15	19	464	23
Geist	13	1223	95	14	949	92	22	763	50	13	627	51	19	584	33	22	403	15	19	451	23
gelb	NA	NA	NA	15	933	92	22	684	45	13	691	55	19	559	32	21	409	15	19	452	23
Geld	15	1146	97	7	962	93	17	684	46	10	661	52	19	561	32	21	406	15	18	452	23
gelingen	NA	NA	NA	9	1328	122	21	953	64	10	855	66	18	690	42	22	409	16	19	477	24
gelten	NA	NA	NA	14	1083	110	23	842	56	13	868	72	19	608	37	21	409	15	19	469	23
gemein	NA	NA	NA	10	1019	95	21	858	56	9	781	62	18	596	34	20	396	15	16	482	25
Gemüse	11	1296	99	15	981	92	21	693	45	12	657	50	19	575	33	20	394	15	18	482	24
General	12	1272	100	9	1059	107	20	968	67	9	805	64	20	638	37	20	397	15	18	444	22
genießen	NA	NA	NA	13	1134	110	22	1043	68	13	708	57	18	625	36	22	407	15	17	460	23
Gerät	17	1214	94	10	1100	109	20	774	52	10	699	55	20	579	33	21	394	15	18	452	23
Geschäft	14	1224	96	10	1110	110	19	816	53	10	692	56	19	573	33	20	387	15	16	470	24
geschehen	NA	NA	NA	12	1229	117	20	969	65	10	830	66	20	653	39	21	413	16	17	479	24
Geschenk	16	1244	92	14	1041	108	21	859	56	12	731	57	19	603	35	21	393	15	18	462	24
Geschichte	NA	NA	NA	14	1059	103	22	856	57	9	731	59	19	603	36	20	394	15	17	485	24
Geschwister	NA	NA	NA	13	1096	106	19	949	60	11	750	58	17	610	35	20	408	15	17	452	23
Gesicht	12	1239	101	11	1109	106	22	815	52	9	658	53	19	592	34	18	397	15	17	469	24
Gespenst	16	1184	101	13	1164	107	20	744	48	8	709	57	18	582	33	20	392	15	18	480	24
gesund	NA	NA	NA	9	963	95	20	735	47	9	684	54	19	557	32	21	397	15	17	467	24
gewinnen	NA	NA	NA	8	1022	97	20	796	51	10	684	54	19	541	31	22	406	16	18	481	25
Gewinner	16	1417	110	13	1082	103	21	795	52	12	678	55	19	594	35	21	396	15	18	469	23
gewöhnen	NA	NA	NA	9	1060	103	18	837	56	10	727	57	18	606	35	19	386	14	17	494	25
Gier	NA	NA	NA	14	1116	103	21	855	59	8	792	66	19	633	36	21	406	15	16	472	24
gießen	NA	NA	NA	10	1152	127	21	914	58	8	761	61	19	649	37	20	416	16	17	485	25
Gießkanne	NA	NA	NA	13	1322	120	21	1061	67	12	911	68	19	654	37	21	429	16	18	491	25
Gift	15	1268	94	8	1082	96	21	776	50	10	718	58	19	578	33	20	423	16	19	473	24
Giraffe	15	1427	107	12	999	92	21	847	54	10	759	59	17	607	34	22	404	15	18	469	24
glänzen	NA	NA	NA	14	1076	104	18	889	59	12	712	56	18	603	34	19	395	15	15	473	24
Glas	14	1160	87	14	830	73	23	664	44	13	600	46	20	553	31	21	387	14	17	467	23
glatt	NA	NA	NA	10	917	91	21	760	48	10	677	55	19	559	32	19	395	15	17	479	24
glauben	NA	NA	NA	9	1106	102	21	840	55	9	696	54	20	560	32	21	395	15	18	474	24
Gletscher	NA	NA	NA	14	1123	109	21	1069	72	8	835	69	18	649	38	21	429	16	17	485	25
Glocke	15	1270	106	6	1032	100	17	774	52	10	691	59	13	598	34	21	388	15	18	486	25
Glück	17	1133	91	14	946	86	21	761	49	11	662	51	20	559	32	22	409	15	19	487	25
Gold	14	1117	89	16	825	76	21	719	46	11	633	48	20	552	32	22	378	14	18	482	24
Goldfisch	NA	NA	NA	12	1170	114	17	889	58	11	825	65	19	598	34	20	412	16	17	480	24
Grab	12	1174	111	12	997	91	18	707	47	10	701	57	18	554	32	21	382	15	18	464	24
Grad	NA	NA	NA	16	1022	101	19	708	45	11	653	49	20	581	34	21	422	16	19	471	24
Gras	12	1069	84	11	980	90	17	690	45	10	656	51	18	591	34	22	380	14	18	464	23
grau	NA	NA	NA	10	916	84	20	714	45	10	683	54	20	566	33	20	397	15	18	451	23
greifen	NA	NA	NA	8	1104	100	21	869	58	9	735	57	19	604	35	22	408	15	19	440	22
groß	NA	NA	NA	16	907	82	21	668	43	11	654	51	20	560	33	22	400	15	19	480	24
Großmutter	NA	NA	NA	8	1152	105	18	932	58	12	724	55	18	647	37	21	407	15	19	517	26
Großvater	14	1351	105	13	1132	110	19	974	63	11	771	62	20	626	36	21	412	16	18	507	26
grün	NA	NA	NA	9	908	84	16	732	47	9	681	58	18	581	34	22	422	16	18	477	25
Grund	16	1113	88	9	1103	112	16	782	52	8	687	54	17	603	34	21	407	16	18	495	25
Gruppe	17	1293	100	11	1019	91	21	778	49	10	652	53	19	571	33	20	410	15	18	479	24
grüßen	NA	NA	NA	10	1110	102	20	835	55	13	715	58	19	621	37	21	432	16	18	453	23
gucken	NA	NA	NA	14	1169	114	20	951	65	12	759	59	19	634	38	20	415	16	15	507	26
Gurke	13	1280	103	13	1068	106	17	854	56	11	670	57	18	595	34	21	402	15	18	490	25
Gürtel	14	1419	110	13	1015	103	21	876	57	9	798	63	18	597	34	20	408	15	18	475	24
gut	NA	NA	NA	9	965	94	22	702	45	13	703	57	19	601	35	22	404	15	19	453	23
Haar	17	1081	90	8	899	91	19	639	42	9	652	52	19	575	33	20	379	14	18	450	23
Hacke	15	1177	96	12	946	101	19	733	50	11	678	55	19	588	34	21	375	14	18	461	23
Hafen	NA	NA	NA	9	1047	100	18	751	48	10	684	51	20	583	34	21	386	15	17	450	23
Hahn	14	1070	81	13	981	97	21	726	47	13	644	51	20	568	32	21	377	14	18	456	23
Hai	14	1153	87	10	939	85	15	688	45	5	623	48	16	541	31	21	380	14	16	446	23
Hälfte	17	1299	102	13	1085	105	21	879	60	9	779	65	19	582	33	20	401	15	16	480	24
Hals	12	1114	85	10	886	83	21	646	42	10	619	49	19	544	31	21	394	15	19	442	23
Halstuch	NA	NA	NA	11	992	106	18	957	66	12	736	60	19	661	38	21	412	16	18	479	24
halten	NA	NA	NA	7	945	94	21	753	49	10	719	57	19	549	32	21	387	15	19	447	22
Hammer	10	1169	95	10	926	84	12	723	48	10	629	49	19	575	33	22	382	14	19	460	23
Hamster	18	1261	96	9	924	87	17	769	48	8	701	52	20	551	32	21	408	15	17	456	23
Hand	15	1063	79	9	855	85	20	622	41	10	574	45	19	565	32	21	378	14	18	446	23
handeln	NA	NA	NA	14	1110	112	21	797	55	8	806	65	19	592	34	20	380	15	18	453	23
hängen	NA	NA	NA	12	972	91	20	785	53	8	709	55	19	589	34	20	378	14	18	437	22
Hase	11	1130	86	14	817	73	20	601	40	10	640	49	18	571	32	20	396	15	17	437	22
hauen	NA	NA	NA	8	1069	99	23	805	54	12	735	59	19	615	36	22	379	14	19	431	22
Haufen	8	1273	99	10	946	96	19	776	51	9	693	55	20	527	30	19	401	15	18	452	23
Hauptstadt	NA	NA	NA	13	1058	110	20	879	61	13	789	62	20	612	36	22	420	16	19	468	23
Haus	15	1089	85	8	919	82	18	610	39	9	608	49	20	518	30	20	377	14	18	470	24
Hausfrau	NA	NA	NA	10	1124	109	21	853	54	9	787	59	20	570	33	21	413	15	18	453	23
Haustür	10	1228	97	10	1104	107	20	873	56	9	755	58	20	594	34	20	402	15	18	470	23
Haut	16	1189	91	12	983	91	21	636	41	11	638	52	18	563	32	21	395	15	17	448	23
Hebel	NA	NA	NA	12	1076	107	18	764	49	8	705	57	18	574	33	22	412	16	19	462	23
heben	NA	NA	NA	13	1102	103	22	775	51	9	650	51	19	569	33	21	390	15	18	484	24
Hecke	19	1234	96	13	1010	102	21	697	44	12	709	56	19	573	33	18	382	14	18	467	24
Heft	15	1203	91	9	922	85	20	677	44	10	627	49	20	591	34	21	365	14	17	460	24
heiraten	NA	NA	NA	9	1096	114	21	964	62	9	882	70	19	557	32	22	386	15	19	451	23
heiß	NA	NA	NA	13	873	79	20	620	39	11	611	46	19	541	31	21	374	14	17	451	23
heißen	NA	NA	NA	16	961	86	19	666	42	10	630	47	20	555	32	22	376	14	18	445	22
heizen	NA	NA	NA	14	1069	111	22	779	53	12	655	52	19	582	33	22	385	14	19	474	24
Heizung	7	1280	101	11	1005	100	20	734	47	9	661	52	20	562	33	21	395	15	18	469	23
helfen	NA	NA	NA	9	957	87	21	701	44	9	647	48	19	562	32	22	381	14	18	445	22
hell	NA	NA	NA	9	883	86	16	665	43	9	576	47	18	558	32	21	374	14	18	447	23
Hemd	16	1228	100	7	981	88	19	746	48	10	619	47	17	531	31	22	373	14	19	448	23
Herbst	16	1101	90	9	882	87	18	653	42	9	660	53	19	544	31	21	376	14	19	452	23
Herd	16	1169	92	9	924	90	19	730	49	10	659	53	20	552	31	21	388	15	18	436	22
Herr	9	1038	79	8	932	86	18	615	39	10	578	43	19	539	31	20	389	14	18	442	23
Herz	15	1080	81	14	846	82	21	631	41	13	657	52	20	553	31	20	387	15	19	442	22
Heu	NA	NA	NA	13	969	94	20	738	49	9	655	52	20	573	33	21	395	15	17	473	24
Hexe	15	1194	96	14	864	81	19	654	42	11	629	50	17	553	31	22	375	14	19	458	23
Hilfe	13	1181	93	13	921	84	22	694	45	9	647	49	19	567	33	21	396	15	19	462	23
Himmel	17	1138	86	14	920	84	20	749	47	12	626	51	19	558	32	21	383	15	18	471	24
Hitze	9	1210	94	10	1021	94	21	750	50	10	643	50	18	566	33	21	378	14	18	492	25
hoch	NA	NA	NA	12	951	91	21	664	42	10	606	49	19	546	31	22	403	16	18	478	24
Hof	18	1147	90	9	882	81	22	687	45	10	616	51	19	547	32	22	399	15	18	478	24
hoffen	NA	NA	NA	9	911	90	17	763	50	9	709	57	19	555	32	21	394	15	17	478	24
Höhle	NA	NA	NA	9	984	97	16	722	48	10	666	54	16	613	35	19	387	15	18	477	24
holen	NA	NA	NA	14	931	94	20	731	48	10	635	50	20	570	33	21	405	15	19	485	25
Holz	11	1096	86	9	951	88	20	632	41	9	654	50	18	536	31	22	378	14	19	466	24
Honig	8	1208	91	15	994	99	19	759	51	10	709	56	19	549	32	17	406	16	18	493	25
hören	NA	NA	NA	14	945	86	21	689	44	11	650	54	19	550	32	18	392	15	18	459	24
Horn	14	1149	94	14	1066	104	18	695	45	11	702	58	19	586	34	19	402	15	19	473	24
Hose	15	1168	87	7	917	85	19	676	44	9	627	48	19	509	29	20	398	15	17	452	23
Hotel	NA	NA	NA	9	1010	102	21	773	50	8	690	54	18	548	31	22	404	15	19	457	23
hübsch	NA	NA	NA	10	1174	110	20	861	55	9	695	55	19	552	32	20	393	15	16	462	23
Huhn	16	1178	100	15	998	91	22	731	49	8	614	47	19	599	35	20	406	16	17	481	25
Hund	11	975	73	10	832	76	22	598	37	10	626	47	19	557	32	21	409	15	18	483	25
Hunger	16	1204	93	12	969	89	21	719	46	12	700	53	19	580	33	22	408	16	19	483	25
hüpfen	NA	NA	NA	15	982	95	21	771	50	12	681	54	19	585	34	20	386	15	17	449	23
husten	NA	NA	NA	14	1039	103	19	875	56	11	715	58	19	590	34	20	421	16	18	505	26
Hut	12	1001	83	12	835	76	21	655	42	13	725	60	20	573	33	22	398	15	18	494	25
Hütte	13	1143	102	15	976	104	21	787	53	9	755	60	19	584	36	20	408	15	18	472	24
Idee	10	1420	121	8	963	87	19	742	48	10	697	54	19	573	33	22	397	15	19	476	24
Igel	17	1250	97	9	925	82	20	753	48	9	698	54	19	594	34	21	403	15	18	475	24
Iglu	15	1313	112	5	1176	110	19	845	57	10	856	66	20	706	41	21	438	17	18	520	27
Indianer	NA	NA	NA	8	1086	102	17	984	66	10	784	62	21	661	38	19	430	16	18	478	24
Insel	17	1271	97	9	994	88	21	741	49	12	656	51	18	568	32	22	402	15	19	465	23
Interesse	NA	NA	NA	15	1164	111	18	942	64	11	756	60	20	643	37	22	425	16	19	493	25
irren	NA	NA	NA	8	1073	104	19	861	57	8	742	65	20	676	39	21	404	15	16	493	25
Jacke	16	1065	78	14	942	92	16	758	49	11	690	54	20	568	32	21	400	15	19	447	23
jagen	NA	NA	NA	15	1070	108	19	818	53	11	711	57	20	601	35	22	387	14	19	442	22
Jahr	7	1118	87	13	908	80	19	660	42	11	645	50	20	547	31	22	394	15	19	461	23
Jahrhundert	NA	NA	NA	10	1195	121	19	1007	67	9	909	69	17	716	42	21	430	16	18	524	26
Januar	12	1315	102	8	951	88	19	727	48	10	722	56	20	625	36	21	403	15	18	482	24
jucken	NA	NA	NA	15	1272	126	16	1017	70	9	780	63	20	624	36	21	395	15	18	465	23
Jugend	12	1036	95	9	1090	108	18	812	56	10	752	62	20	571	34	21	410	15	16	476	24
Juli	17	1089	83	12	970	93	22	750	48	13	729	58	20	567	33	21	400	15	18	482	24
Junge	12	1128	86	10	1021	99	19	727	47	10	671	50	19	532	31	20	405	15	18	475	24
Juni	10	1070	82	15	982	89	18	769	50	11	686	52	20	558	32	21	419	16	18	452	24
Juwel	NA	NA	NA	9	1039	111	19	941	63	11	703	62	20	629	44	22	420	16	19	491	25
Käfer	15	1294	113	12	1069	99	19	735	50	12	666	52	19	600	35	21	394	15	17	452	23
Kaffee	19	1246	97	11	1009	93	20	693	44	9	697	56	19	596	35	20	396	15	17	464	23
Kaiser	14	1410	109	10	1035	103	22	882	56	10	694	52	18	580	33	22	397	15	16	472	24
Kakao	NA	NA	NA	8	1033	105	20	812	54	9	679	55	17	565	32	21	386	15	17	475	24
Kaktus	15	1400	112	12	1088	102	21	880	58	8	727	56	19	578	33	20	421	16	18	482	24
Kalender	16	1449	109	9	1099	109	19	888	59	10	764	60	20	627	36	21	392	15	18	495	25
kalt	NA	NA	NA	13	899	83	22	681	44	9	636	47	19	592	34	21	380	14	18	454	23
Kamel	12	1174	102	11	977	95	12	720	50	11	738	67	17	584	35	21	385	15	19	452	23
Kamm	16	1060	79	11	939	87	20	671	43	10	612	49	20	558	32	20	395	15	17	465	24
Kampf	NA	NA	NA	14	1060	103	20	752	48	10	630	50	20	587	34	21	396	15	19	452	23
Kanal	17	1168	91	10	1032	98	20	755	49	10	721	60	20	568	33	20	386	15	18	445	22
Känguru	NA	NA	NA	6	1130	108	16	912	61	8	765	58	16	680	39	22	416	16	18	518	26
Kaninchen	16	1348	106	11	1098	114	17	828	53	10	816	64	19	588	34	21	400	15	17	459	23
Kantine	NA	NA	NA	15	1132	110	20	846	63	11	823	65	17	692	40	21	400	15	18	449	22
Kapitän	13	1272	106	11	1181	117	20	832	56	11	784	65	19	584	33	21	399	15	18	452	23
kaputt	NA	NA	NA	13	1017	101	23	771	50	12	626	49	20	575	33	22	407	15	18	471	24
Kapuze	10	1332	119	13	1201	109	21	841	54	12	775	64	19	616	35	21	408	16	18	475	24
Karte	9	1218	96	12	941	88	21	726	47	11	683	57	19	570	33	22	399	15	19	455	23
Kartoffel	NA	NA	NA	14	1050	95	23	814	53	13	691	55	20	614	36	21	387	15	18	476	24
Käse	16	1122	87	13	959	97	20	719	45	11	665	50	20	572	33	21	393	15	19	465	23
Kasse	13	1179	90	13	950	92	20	727	48	11	696	56	19	575	33	19	393	15	17	436	22
Kastanie	NA	NA	NA	8	1041	99	21	878	61	10	755	63	20	689	40	21	392	15	17	467	23
Kasten	13	1217	101	10	1011	93	21	787	51	9	681	51	20	543	31	21	403	15	18	459	23
Kater	14	1211	92	12	1043	106	21	829	55	9	735	59	20	550	31	21	393	15	18	466	24
Katze	10	1234	101	9	957	93	14	690	44	10	611	49	19	543	31	21	396	15	18	463	23
kauen	NA	NA	NA	11	1027	100	19	779	51	10	809	65	20	548	31	20	388	15	18	455	23
kaufen	NA	NA	NA	14	926	87	21	685	44	10	676	52	19	560	33	21	395	15	19	478	24
kehren	NA	NA	NA	12	1222	114	21	884	59	12	765	63	19	623	36	21	400	15	18	451	23
Keks	12	1222	98	13	1046	96	20	753	48	12	646	52	19	566	32	21	401	15	18	446	23
Keller	15	1290	110	11	1087	100	23	798	51	13	677	51	19	585	34	21	390	15	18	454	23
kennen	NA	NA	NA	11	1136	113	18	738	48	10	690	55	20	550	31	21	400	15	17	461	24
Kerze	11	1440	108	8	980	97	20	751	48	8	686	55	17	570	33	22	391	15	19	449	22
Kette	NA	NA	NA	10	942	95	21	793	50	10	684	55	19	565	32	22	387	15	19	460	23
Kilometer	NA	NA	NA	15	1308	121	19	1047	68	10	788	61	20	626	36	21	399	15	19	482	25
Kind	10	1120	87	9	858	76	16	668	44	10	631	50	18	539	31	21	392	15	18	455	23
Kindergarten	NA	NA	NA	9	1022	93	22	940	60	7	816	62	19	681	39	20	416	16	19	481	24
Kinn	10	1092	82	11	932	89	22	739	48	13	666	54	18	561	32	22	387	15	18	470	24
Kino	17	1120	86	15	948	94	20	688	44	9	628	51	19	555	32	21	382	14	18	450	23
kippen	NA	NA	NA	8	1103	109	19	800	55	10	723	58	20	589	34	20	397	15	18	458	23
Kirche	15	1195	109	10	1015	105	20	805	53	9	666	53	18	616	36	21	401	15	19	476	24
Kissen	18	1103	90	11	1024	101	21	773	52	12	693	56	19	579	33	19	405	15	17	457	23
Kiste	17	1110	91	10	1035	103	16	719	47	9	666	53	17	618	35	19	386	15	17	448	23
kitzeln	NA	NA	NA	16	1173	119	23	949	63	13	762	60	19	625	36	22	397	15	19	476	24
klagen	NA	NA	NA	10	1142	119	19	815	52	8	787	60	19	577	34	21	395	15	18	456	23
klappen	NA	NA	NA	9	1056	96	20	736	47	10	685	51	20	592	34	21	397	15	18	449	22
Klasse	16	1194	90	10	977	90	23	724	47	13	648	52	18	580	33	20	385	14	18	456	23
klauen	NA	NA	NA	12	1018	92	21	754	50	10	726	56	19	581	34	21	390	15	19	463	23
kleben	NA	NA	NA	12	1003	93	22	769	49	13	712	58	17	552	32	20	392	15	19	454	23
Klee	14	1128	86	15	920	84	19	735	48	11	662	50	20	553	32	21	384	14	18	451	23
Kleid	10	1203	98	13	988	96	15	717	46	7	604	48	19	560	33	20	383	14	18	460	23
klein	NA	NA	NA	8	836	78	19	703	45	10	613	48	18	575	33	22	379	14	18	439	22
klettern	NA	NA	NA	9	992	98	21	779	50	10	673	53	17	583	33	22	390	15	19	466	24
klingeln	NA	NA	NA	7	1037	103	18	869	59	7	728	59	16	601	35	20	404	15	17	453	23
klingen	NA	NA	NA	14	1046	104	21	804	55	11	694	55	19	578	34	22	398	15	18	454	23
klopfen	NA	NA	NA	8	1072	104	22	833	54	12	693	56	18	576	33	19	389	15	19	475	24
klug	NA	NA	NA	9	994	101	20	773	52	10	611	48	19	568	32	21	395	15	17	467	24
knallen	NA	NA	NA	11	1115	101	20	823	53	11	757	60	19	588	33	21	407	15	18	455	23
Knie	16	1277	109	8	982	97	19	786	51	10	649	52	16	584	34	21	396	15	19	455	23
Knochen	17	1318	102	8	1061	95	16	851	56	6	689	54	19	584	34	21	390	15	17	465	24
Knopf	15	1383	102	9	1034	94	21	749	48	9	686	53	19	574	33	21	386	15	17	468	24
Knoten	15	1240	98	13	1122	102	21	825	55	12	705	55	17	584	34	20	394	15	18	474	24
knurren	NA	NA	NA	10	1212	126	20	902	59	9	814	66	18	617	35	22	385	15	19	478	24
kochen	NA	NA	NA	13	960	95	17	723	47	12	721	60	19	561	33	20	402	15	17	458	23
Koffer	17	1227	95	12	1089	106	21	726	47	9	675	55	19	584	34	20	395	15	19	470	24
kommen	NA	NA	NA	9	998	89	19	728	46	10	669	55	18	577	33	20	395	15	19	439	22
Kompass	16	1161	89	10	1194	116	22	757	48	13	702	55	17	611	35	21	403	15	19	500	25
König	14	1096	90	13	880	87	22	692	46	9	667	53	19	564	32	21	396	15	17	483	24
Konzert	13	1343	103	14	978	92	22	803	52	13	714	54	20	608	35	21	415	15	18	472	24
Kopf	17	1114	84	7	981	88	16	675	43	8	640	49	20	575	33	20	385	15	17	457	23
Korn	18	1172	90	8	998	91	20	744	49	7	714	55	20	571	33	21	400	15	18	462	23
Körper	16	1264	101	15	1081	101	18	796	51	11	705	53	18	543	31	22	392	15	19	481	24
kosten	NA	NA	NA	11	1044	94	15	789	51	11	662	53	19	560	32	21	392	15	19	449	23
Krach	15	1270	108	10	1054	107	15	821	54	9	670	53	17	581	33	21	391	15	18	456	23
Kraft	13	1178	89	15	987	98	23	781	51	13	636	51	20	573	33	22	389	15	18	452	23
Kragen	NA	NA	NA	6	910	100	12	775	51	6	743	59	14	619	35	20	383	14	18	430	22
Krähe	15	1208	105	10	1071	109	16	786	53	12	687	54	18	608	34	20	389	15	16	446	23
Kralle	15	1159	89	10	1113	110	16	815	52	8	679	52	17	579	34	21	375	14	18	458	23
krank	NA	NA	NA	16	1192	124	21	737	48	11	630	50	20	556	32	22	388	15	19	443	22
Krankheit	NA	NA	NA	13	1240	111	22	881	59	13	769	59	19	629	36	22	408	15	18	476	24
kratzen	NA	NA	NA	7	1091	111	21	843	56	9	728	60	17	605	34	21	403	15	18	455	23
Krebs	14	1227	98	14	1102	100	19	758	52	11	688	53	20	592	34	22	376	14	19	450	23
Kreide	16	1102	88	11	977	88	18	759	50	8	666	52	20	595	34	19	386	14	16	450	22
Kreis	19	1188	94	8	895	82	22	715	47	10	672	52	19	565	32	22	376	14	19	447	22
Kreisel	13	1281	109	10	1022	99	20	866	57	11	685	55	18	602	35	20	386	15	17	454	23
kriechen	NA	NA	NA	13	1078	109	18	911	60	11	739	58	18	614	35	21	391	15	17	459	23
Krieg	17	1240	101	9	1025	92	18	826	57	8	690	56	18	591	34	21	378	14	16	448	23
kriegen	NA	NA	NA	10	1076	107	23	858	57	13	706	56	18	587	33	22	383	14	19	470	24
Krokodil	NA	NA	NA	9	1035	97	22	894	57	9	783	58	19	660	37	21	415	16	18	497	25
Krone	13	1168	91	9	949	96	20	797	53	10	669	53	19	562	32	21	412	16	15	473	24
Kröte	19	1285	107	9	1099	107	18	847	56	10	644	51	20	587	34	21	412	16	18	494	25
krumm	NA	NA	NA	10	1012	91	20	790	53	9	684	53	18	592	34	21	403	15	17	450	23
Küche	12	1227	104	13	942	93	14	692	46	11	655	51	19	585	33	21	401	15	16	455	23
Kuchen	17	1118	95	5	1018	95	19	763	50	9	667	51	17	599	34	22	408	15	19	492	25
Kugel	11	1205	100	14	1033	98	19	740	48	12	672	54	18	578	33	21	404	15	18	518	26
Kuh	17	1076	81	12	886	86	21	715	45	11	669	53	19	573	33	20	418	16	18	459	24
kühl	NA	NA	NA	15	1033	105	15	732	48	11	651	53	20	568	33	22	399	15	19	450	23
Kunst	18	1246	97	11	967	91	19	695	45	9	684	57	19	565	32	21	395	15	17	473	24
kurz	NA	NA	NA	7	888	88	20	713	47	10	683	54	20	593	34	21	391	15	18	459	23
lachen	NA	NA	NA	15	957	88	18	702	45	11	690	56	20	571	33	21	374	14	19	449	23
Lack	NA	NA	NA	10	1031	98	22	775	50	13	707	59	20	581	33	18	395	15	18	459	23
Lamm	14	1053	78	10	897	85	21	705	52	10	699	54	19	594	35	22	391	15	19	471	24
Lampe	17	1016	77	9	1021	97	18	689	45	12	608	48	15	536	30	20	396	15	16	461	24
Land	10	1032	79	9	881	80	21	749	49	9	666	53	18	544	31	22	372	14	19	472	24
lang	NA	NA	NA	16	957	93	23	689	45	12	734	58	19	547	31	22	375	14	17	468	24
Lappen	13	1152	91	12	1032	110	18	754	52	10	765	63	20	566	34	20	395	15	18	471	24
lassen	NA	NA	NA	9	878	84	20	780	53	10	665	53	20	565	32	21	385	14	18	455	23
Last	NA	NA	NA	10	877	79	21	712	46	8	655	51	18	578	34	22	395	15	19	437	22
Laterne	NA	NA	NA	14	1110	106	19	942	61	12	760	59	18	592	34	20	399	15	17	463	23
Laub	NA	NA	NA	10	967	89	23	680	43	13	719	55	19	539	31	22	392	15	17	451	23
laufen	NA	NA	NA	12	991	91	21	705	45	13	646	49	19	524	30	19	379	14	19	442	22
laut	NA	NA	NA	12	932	89	19	639	42	12	659	52	19	547	31	21	395	15	18	454	23
leben	NA	NA	NA	14	959	90	19	694	44	11	668	52	20	536	31	20	386	14	17	452	23
lecker	NA	NA	NA	16	1008	92	18	785	49	11	648	48	20	558	32	20	390	15	17	451	23
leer	NA	NA	NA	10	886	82	22	703	46	11	632	49	17	537	31	22	381	14	19	489	24
legen	NA	NA	NA	15	920	85	19	746	49	10	653	50	20	552	32	21	375	14	17	477	24
Lehrer	14	1125	96	14	1024	104	20	794	51	8	725	57	19	600	34	21	398	15	16	472	24
leicht	NA	NA	NA	12	974	95	21	700	45	12	679	55	19	557	32	21	392	15	18	464	23
leiden	NA	NA	NA	15	979	92	18	753	48	11	685	55	20	546	31	20	394	15	17	462	23
leihen	NA	NA	NA	9	1096	109	22	830	59	13	723	57	18	550	32	22	399	15	18	469	24
Leine	15	1050	78	8	1004	96	18	809	53	13	716	57	17	573	33	13	401	15	17	468	24
leise	NA	NA	NA	10	1018	92	17	715	46	11	678	54	14	577	33	19	389	15	18	445	22
leisten	NA	NA	NA	13	1183	113	10	825	56	10	777	66	20	606	35	16	387	15	19	467	24
Leiter	17	1145	87	8	946	89	19	757	49	8	709	54	17	558	32	20	390	15	18	459	23
lernen	NA	NA	NA	10	968	89	22	725	47	9	671	51	14	529	30	21	401	15	17	464	23
lesen	NA	NA	NA	11	872	83	22	689	43	13	605	45	19	547	31	20	390	15	18	458	23
Leuchtturm	NA	NA	NA	11	1174	112	17	899	60	10	796	63	20	635	36	21	420	16	18	494	25
Leute	12	1110	84	10	927	94	21	735	48	10	624	52	18	549	32	21	394	15	18	480	24
Lexikon	NA	NA	NA	16	1074	104	19	827	53	11	805	64	20	628	36	21	404	15	18	483	24
Licht	18	1042	81	13	928	83	20	687	45	9	659	52	17	527	30	21	372	14	18	464	23
lieb	NA	NA	NA	14	940	93	22	721	50	9	668	53	19	588	34	21	389	15	17	474	24
lieben	NA	NA	NA	14	1126	112	22	820	52	9	757	65	18	577	33	21	400	15	18	463	23
Lied	8	993	77	7	951	91	11	691	44	9	621	46	18	560	33	11	393	15	13	463	23
liegen	NA	NA	NA	13	1069	97	19	768	50	10	700	52	19	565	32	22	396	15	19	462	23
Lippe	9	1127	85	15	905	81	18	787	51	11	683	55	19	605	35	22	395	15	19	468	24
Loch	18	1042	80	5	938	95	15	695	46	8	665	52	17	550	31	21	387	15	18	456	23
Löffel	18	1199	94	15	970	94	20	748	49	11	693	56	17	577	34	20	389	15	19	471	24
Lohn	NA	NA	NA	12	1045	100	21	723	46	11	672	51	20	569	33	21	399	15	19	469	24
Lok	NA	NA	NA	12	922	90	22	729	50	13	673	54	19	563	33	22	385	15	17	451	23
Löwe	16	973	76	14	809	72	21	657	41	11	634	47	19	532	31	21	378	14	18	469	23
Luft	13	1055	78	14	952	92	21	684	45	11	690	57	18	559	32	20	394	15	18	472	24
lustig	NA	NA	NA	15	921	91	20	686	45	10	628	50	20	538	31	22	387	15	18	477	24
Mädchen	11	1166	93	13	986	96	21	711	45	8	689	51	19	580	34	21	377	14	18	472	24
Mai	18	1027	77	12	899	84	20	684	44	12	690	54	18	544	31	21	383	14	17	460	23
malen	NA	NA	NA	14	913	82	19	724	47	10	630	49	18	533	30	20	391	15	18	495	25
Mama	15	1074	80	10	894	84	22	663	42	13	614	46	18	540	32	22	376	14	19	489	24
Mann	18	985	75	9	839	75	20	620	41	10	627	49	19	531	30	22	389	15	18	464	23
Männlein	18	1320	102	11	1070	99	21	1049	74	9	872	74	18	633	36	21	426	16	18	491	25
Mantel	NA	NA	NA	8	977	99	17	743	49	10	669	53	20	572	33	20	379	14	18	467	24
Märchen	17	1222	98	12	953	94	21	732	47	12	691	55	18	561	33	21	378	14	19	488	24
Margarine	NA	NA	NA	12	1094	114	19	887	59	10	821	70	17	627	37	20	409	16	18	472	24
Markt	17	1031	80	15	938	85	20	742	48	9	640	50	19	543	31	21	382	14	18	479	24
Marmelade	NA	NA	NA	13	1256	127	19	940	60	12	823	62	19	644	37	20	401	15	18	462	23
März	19	1080	84	15	962	95	22	694	45	8	640	51	19	561	32	21	392	15	18	460	23
Maschine	18	1288	96	13	1097	105	20	778	51	11	638	49	20	538	31	22	393	15	18	444	22
Masse	NA	NA	NA	10	932	86	18	775	53	12	673	50	18	580	34	21	381	15	18	479	24
Material	NA	NA	NA	8	1148	116	19	826	55	9	722	57	19	607	36	20	407	15	17	477	24
Matratze	NA	NA	NA	10	1061	108	19	921	63	11	860	76	19	636	37	21	398	15	18	471	24
Mauer	9	1166	92	12	950	94	17	727	47	8	656	53	19	576	33	21	399	15	17	466	24
Maus	11	1092	83	14	850	78	19	664	43	11	612	46	19	562	33	21	380	14	17	468	24
Meer	14	984	72	10	851	83	20	658	43	9	586	47	20	550	32	18	389	15	16	463	23
Mehl	11	1164	93	9	914	84	21	704	48	9	643	49	19	533	31	20	397	15	19	472	24
meinen	NA	NA	NA	10	974	91	22	734	47	12	657	53	18	571	33	22	389	15	19	481	24
Meise	16	1028	77	7	960	95	17	714	47	9	742	59	18	567	33	21	386	15	17	479	24
Meister	11	1077	84	6	1003	97	10	757	48	7	684	51	14	545	32	20	405	15	17	483	24
melden	NA	NA	NA	13	999	92	21	749	47	12	721	58	19	545	31	21	401	15	18	485	25
Menge	15	1082	87	16	1021	94	19	760	50	11	652	52	20	560	32	22	375	14	18	452	23
Mensch	8	1116	82	9	890	83	20	658	43	10	692	55	19	551	31	19	384	14	17	466	24
merken	NA	NA	NA	13	971	88	19	743	47	10	694	52	19	578	33	20	392	15	18	460	23
Merkmal	NA	NA	NA	9	1032	107	18	851	59	7	760	63	16	562	32	20	401	15	19	488	25
messen	NA	NA	NA	10	1110	113	20	812	53	9	717	61	20	557	32	21	389	15	18	473	24
Messer	15	1185	97	9	940	84	21	705	47	9	614	47	20	507	29	21	398	15	18	471	24
Meter	NA	NA	NA	7	1014	97	18	719	50	8	656	51	15	586	34	19	387	15	19	463	23
Metzger	NA	NA	NA	9	1166	113	18	894	63	10	820	66	17	616	36	22	405	15	19	507	26
Milch	15	1017	77	12	953	85	20	667	42	11	629	47	19	545	31	21	386	14	18	459	23
Milliarde	NA	NA	NA	13	1216	130	15	986	73	10	866	76	18	706	43	22	416	16	19	521	26
Million	17	1237	103	9	1099	107	19	827	57	9	711	54	19	561	33	21	402	15	17	479	25
Minister	NA	NA	NA	11	1080	105	17	985	68	9	856	71	18	665	39	21	412	15	18	450	23
Minute	15	1103	83	13	1006	93	21	789	51	11	694	55	18	557	32	21	378	14	18	486	24
Mist	13	1059	79	11	888	79	20	763	49	7	622	48	18	536	30	18	379	14	18	477	24
Mittag	13	1101	87	12	976	90	20	716	45	11	635	47	18	558	32	22	388	14	18	462	23
Mitte	14	1134	85	15	981	102	20	743	48	12	657	53	18	538	32	20	383	14	18	488	25
Mittwoch	NA	NA	NA	10	989	90	22	678	45	8	624	48	19	540	31	21	390	15	19	459	23
Mode	15	1113	95	8	1000	95	20	750	50	10	645	53	19	562	32	20	392	15	18	477	25
Moment	NA	NA	NA	14	979	99	19	800	51	11	726	57	19	595	34	21	390	15	19	472	24
Monat	18	1113	89	8	929	90	22	759	49	9	663	51	19	547	32	22	406	15	18	486	25
Mond	15	1056	83	12	889	82	19	726	49	10	667	52	19	569	33	21	406	15	18	474	24
Monitor	14	1045	79	11	1078	107	23	956	64	13	803	67	19	620	36	20	420	16	18	480	25
Montag	17	1098	85	9	973	94	22	686	43	8	596	44	17	525	31	21	414	15	19	489	24
Morgen	13	1075	81	10	939	85	22	690	44	10	636	47	18	538	31	21	394	15	19	443	22
Motor	10	1061	87	13	894	89	20	746	47	12	666	54	19	542	31	20	391	15	17	473	24
Möwe	17	1297	96	10	1135	113	20	889	58	13	686	54	18	560	32	22	394	15	19	467	24
Mücke	13	1200	89	12	1049	104	19	758	51	11	721	57	19	563	32	21	399	15	18	474	24
müde	NA	NA	NA	10	909	88	21	721	47	9	638	52	18	534	31	22	395	15	19	464	24
Mühe	12	1186	106	11	1015	94	20	778	55	13	649	50	20	542	31	22	413	16	19	483	25
Müll	15	1136	99	12	983	108	20	682	45	12	640	52	19	552	32	21	401	15	18	486	24
Mund	16	986	73	8	922	84	22	648	43	13	696	53	19	558	32	22	407	15	19	499	25
Musik	15	1027	76	8	898	84	17	634	41	10	658	51	20	539	31	19	405	15	18	471	24
Musiker	10	1143	85	9	1039	93	20	839	59	9	746	58	18	599	34	22	399	15	18	473	24
Mut	NA	NA	NA	12	866	83	19	656	43	12	631	51	18	555	32	21	394	15	17	477	24
Mutter	10	1130	86	10	861	81	22	703	45	9	656	51	19	557	32	21	393	15	17	479	24
Mütze	14	1036	83	9	904	94	20	703	46	9	688	54	20	569	32	21	399	15	18	456	23
Nachbar	17	1174	98	10	1027	92	19	724	48	5	703	54	17	562	32	21	389	15	18	473	24
Nachmittag	NA	NA	NA	5	1143	111	17	893	57	10	755	56	18	610	35	21	408	16	18	492	25
Nacht	13	1025	76	10	909	88	21	686	44	8	649	51	19	572	33	21	377	14	17	484	24
Nachtisch	NA	NA	NA	10	1090	108	19	960	64	9	809	61	20	629	38	21	409	16	18	509	26
nackt	NA	NA	NA	10	1023	101	18	769	49	10	642	52	18	566	33	21	391	15	18	472	24
Nagel	13	1085	84	14	941	83	19	719	45	10	684	52	20	565	32	21	395	15	18	496	25
Name	17	1017	76	6	771	72	19	654	44	10	651	51	20	534	30	21	397	15	18	464	23
Nase	12	930	69	13	838	83	21	665	43	11	644	51	18	548	31	21	393	15	17	457	23
nass	NA	NA	NA	10	945	92	21	667	43	10	612	51	19	526	31	21	381	14	18	480	24
Natur	17	1085	89	7	938	85	16	697	45	10	624	48	19	527	31	21	391	15	18	476	24
Nebel	17	1088	82	8	919	83	19	790	52	11	679	52	20	546	32	19	396	15	17	484	25
nehmen	NA	NA	NA	8	965	94	16	773	48	6	637	47	11	554	32	13	393	15	13	466	24
nennen	NA	NA	NA	10	1028	96	19	807	52	9	752	56	20	581	33	20	387	15	18	497	25
Nest	16	1070	81	8	890	83	22	689	45	13	622	47	19	519	30	20	401	15	19	457	23
nett	NA	NA	NA	12	880	80	21	674	44	12	611	47	19	510	29	20	380	14	18	469	24
neu	NA	NA	NA	14	862	76	21	679	45	11	624	48	20	534	30	21	395	15	18	467	24
niedlich	NA	NA	NA	13	1069	104	21	896	57	9	755	58	19	613	36	21	409	15	19	514	26
normal	NA	NA	NA	9	990	89	18	761	50	9	699	55	19	539	31	20	388	15	17	475	24
Not	16	967	71	10	860	78	19	693	45	10	600	50	20	557	32	21	405	15	18	488	25
Note	16	1082	80	12	858	80	17	708	46	12	637	48	20	522	30	22	407	15	19	499	25
November	NA	NA	NA	13	998	95	20	792	51	11	712	58	20	599	35	21	399	15	19	482	24
Nummer	12	1159	85	9	946	85	20	747	50	10	683	53	20	556	32	21	398	15	18	479	24
Obst	16	1063	92	13	891	88	18	729	46	12	693	52	19	557	32	21	397	15	18	463	23
Obstbaum	NA	NA	NA	13	1214	123	20	985	66	9	813	61	19	683	40	21	428	18	18	490	25
Ofen	13	1082	90	9	1030	100	18	731	49	9	748	58	19	640	39	20	410	16	15	465	23
offen	NA	NA	NA	11	1036	96	22	744	58	13	647	51	19	619	35	20	399	16	18	462	23
öffnen	NA	NA	NA	9	1064	108	18	827	55	9	681	56	18	610	36	19	402	15	19	458	23
Ohr	10	1111	88	13	937	91	18	703	45	12	666	54	17	572	35	20	402	15	17	482	25
Oktober	NA	NA	NA	10	995	95	22	849	54	8	726	54	19	561	32	21	428	16	18	474	24
Olive	12	1101	92	10	1033	99	22	833	57	12	785	62	18	585	33	22	403	15	19	498	25
Oma	16	1074	82	14	875	85	21	700	45	12	641	51	19	569	33	21	392	15	18	473	24
Onkel	16	1245	104	10	934	91	20	719	46	9	694	56	19	580	33	21	398	15	18	465	23
Opa	15	995	77	16	913	81	19	654	43	11	663	51	20	578	33	20	408	15	19	483	24
ordentlich	NA	NA	NA	14	1198	110	20	946	61	12	846	68	18	676	40	21	430	16	17	506	26
Ordnung	12	1205	107	14	1037	94	20	818	52	9	782	63	19	573	33	20	397	15	18	479	24
Ort	14	1101	82	8	949	86	19	753	48	10	680	55	18	546	32	21	396	15	18	472	24
Osten	16	1212	97	12	1047	109	15	882	67	9	723	58	18	626	36	22	434	19	19	478	26
Osterhase	NA	NA	NA	10	1201	111	19	924	61	10	836	66	18	657	38	20	425	16	18	500	25
packen	NA	NA	NA	14	972	87	21	749	50	12	620	48	19	553	32	21	396	15	17	463	23
Paket	NA	NA	NA	13	935	103	21	747	52	13	695	58	19	557	33	22	373	14	18	468	24
Panda	14	1252	97	12	1026	92	17	883	58	9	659	51	20	579	34	22	406	15	19	464	23
Pantoffel	NA	NA	NA	9	1258	118	19	982	63	9	791	61	19	703	40	21	427	16	19	463	23
Papa	13	1044	81	13	869	80	18	717	48	11	652	49	19	529	30	21	391	15	19	457	23
Papagei	NA	NA	NA	13	959	90	20	800	51	12	785	58	19	599	34	21	411	15	18	490	25
Papier	13	1383	104	11	954	87	18	702	45	7	650	50	19	537	31	20	400	15	18	467	24
Pappe	NA	NA	NA	14	1109	101	19	863	56	10	737	57	19	571	33	22	404	15	18	478	24
passen	NA	NA	NA	13	986	88	21	746	49	12	692	55	19	551	31	21	378	14	17	487	25
Pause	17	1163	90	7	933	86	16	659	42	8	681	56	16	532	31	21	392	15	19	465	23
Pech	16	1270	102	12	1003	94	18	804	52	8	686	52	19	576	33	20	383	14	19	450	23
Pelikan	NA	NA	NA	10	1163	106	21	912	60	8	835	66	18	678	39	22	410	16	19	481	24
Person	18	1280	103	14	1049	102	22	753	48	9	678	51	19	576	33	21	384	14	16	475	24
Pfanne	11	1395	110	10	1016	101	18	740	48	10	741	59	20	628	36	21	389	15	18	467	24
Pferd	18	1097	85	13	938	89	19	678	43	11	597	48	20	565	33	21	394	15	19	464	23
pflanzen	NA	NA	NA	13	989	96	19	767	49	11	673	54	20	585	34	21	388	14	19	460	23
Pflaster	NA	NA	NA	10	1146	116	15	907	61	9	722	57	19	653	37	21	407	15	17	461	23
pflegen	NA	NA	NA	16	1072	100	16	876	56	11	738	56	18	601	35	21	399	15	19	468	23
pflücken	NA	NA	NA	7	1188	111	20	900	59	10	746	59	20	700	41	21	424	16	18	490	25
Pilz	16	1165	87	12	984	88	21	756	49	12	742	60	18	583	33	21	388	15	18	467	24
Pinguin	14	1166	90	13	1112	103	15	804	53	11	749	57	13	605	35	21	417	16	18	512	26
Pinsel	15	1198	94	12	1020	91	19	779	49	11	659	55	18	596	34	21	398	15	18	464	23
Pirat	18	1323	100	8	984	91	19	676	44	10	686	53	19	540	31	21	393	15	17	457	23
Pistole	NA	NA	NA	13	1141	111	19	850	57	12	716	54	17	609	35	21	417	16	18	480	24
Plan	18	1194	96	11	908	92	22	701	46	12	677	55	19	555	32	20	409	16	19	452	23
Planet	15	1230	105	11	1027	100	19	802	53	13	701	54	19	627	36	22	407	15	19	470	24
Platz	13	1171	88	14	922	84	20	705	45	11	612	46	20	559	33	20	385	14	19	455	23
Polizist	NA	NA	NA	8	1091	102	19	837	57	10	694	58	20	595	34	20	407	15	18	495	25
Pony	14	1313	105	12	934	85	21	737	49	9	653	50	19	583	33	20	396	15	18	500	26
Post	16	1098	90	10	944	92	21	671	44	9	687	55	18	569	32	22	413	16	19	452	23
Postfach	NA	NA	NA	10	1209	120	20	930	60	10	767	62	20	597	34	21	416	16	18	478	24
praktisch	NA	NA	NA	10	1233	120	18	980	62	9	802	61	16	648	38	21	419	16	18	488	24
Präsident	NA	NA	NA	10	1196	124	21	935	63	10	763	62	18	664	39	22	410	15	19	467	24
Prediger	NA	NA	NA	10	1113	119	20	1057	82	9	982	84	20	693	42	21	418	16	18	489	25
Preis	17	1353	105	14	954	88	18	699	45	11	601	46	19	580	33	21	396	15	19	451	23
Prinz	14	1196	91	13	1004	89	17	749	49	10	677	52	19	557	32	22	395	15	19	479	24
probieren	NA	NA	NA	15	1227	122	22	888	58	13	695	55	18	610	35	22	423	16	19	493	25
Problem	NA	NA	NA	11	1061	110	19	902	58	10	723	57	17	576	35	20	422	16	18	497	25
Professor	NA	NA	NA	11	1197	109	20	1017	68	13	746	58	18	673	39	22	415	16	19	522	27
Programm	NA	NA	NA	7	1129	104	18	826	55	9	714	56	19	613	35	20	409	16	18	480	24
Publikum	NA	NA	NA	12	1294	128	22	896	60	9	812	69	19	620	37	20	441	17	18	519	26
Punkt	17	1178	91	13	1021	99	21	753	49	12	652	53	19	571	32	21	404	15	18	483	24
Puppe	18	1498	111	15	974	97	19	797	51	10	659	53	20	608	35	22	403	15	19	475	24
pusten	NA	NA	NA	12	1090	113	21	855	57	13	729	60	20	601	36	20	408	16	19	487	24
putzen	NA	NA	NA	13	1027	102	21	785	53	11	686	54	19	568	33	22	399	15	19	470	24
Quadrat	NA	NA	NA	12	1146	107	23	923	60	13	825	64	19	659	38	21	416	16	19	505	25
Qualm	15	1273	108	13	1042	96	18	848	59	10	735	58	20	638	37	20	420	16	19	486	24
Quark	18	1128	96	12	1119	111	18	824	54	11	743	60	18	592	34	22	389	15	19	472	24
Quatsch	17	1200	95	10	1056	101	22	895	61	10	746	60	18	595	35	20	407	15	19	478	24
Rad	18	1075	81	13	813	73	18	694	46	10	684	52	19	576	33	18	382	14	18	473	24
Radio	17	1165	93	12	990	91	20	718	46	9	638	49	20	555	32	21	391	15	18	468	24
Rakete	12	1294	104	12	1084	103	22	902	59	9	759	65	19	597	35	21	388	15	19	474	24
Rand	16	1031	78	9	925	87	19	746	49	10	619	48	20	579	34	21	399	15	18	487	25
Ranzen	18	1160	95	11	1226	110	20	814	53	11	773	59	19	631	37	21	386	15	17	479	24
rasch	NA	NA	NA	12	1009	98	22	781	50	9	689	57	19	599	34	20	401	15	18	468	23
Rasen	18	1036	78	8	980	99	22	781	51	9	691	55	18	577	33	21	398	15	19	460	23
Rat	16	909	68	10	902	82	19	656	43	10	637	49	18	579	33	22	396	15	18	463	23
raten	NA	NA	NA	11	958	97	22	726	46	13	653	53	19	572	33	22	397	15	18	483	24
Ratte	15	1012	77	7	914	86	20	706	47	10	667	53	19	587	34	21	378	14	18	449	23
Raum	14	1014	77	8	826	79	20	683	43	10	706	53	20	540	31	21	389	15	18	467	24
Raupe	16	1048	80	8	1138	107	21	745	48	9	704	52	17	602	35	20	413	15	19	468	23
rechnen	NA	NA	NA	14	1041	103	19	812	52	11	721	60	18	602	35	21	379	14	18	480	24
reden	NA	NA	NA	14	1053	102	20	716	46	11	611	48	20	572	33	21	386	15	19	463	23
Regal	10	1228	100	10	899	83	19	739	48	11	680	52	20	604	35	22	374	14	19	469	24
Regen	13	1249	95	8	881	86	21	708	46	12	651	49	18	572	33	20	385	14	18	462	23
Reh	18	1077	86	8	915	86	17	678	45	8	616	48	19	591	34	20	392	15	18	476	24
reich	NA	NA	NA	14	1016	99	20	709	46	12	705	57	19	584	34	21	398	15	18	449	22
Reihe	13	1106	94	11	882	84	20	719	47	10	657	49	17	600	34	17	405	15	18	468	23
Reis	17	1156	94	6	848	79	16	754	49	8	674	51	18	550	32	20	391	15	18	491	25
Reise	18	1054	81	7	855	87	19	680	43	10	644	48	18	579	33	21	397	15	17	446	22
retten	NA	NA	NA	14	1082	110	20	793	54	11	703	55	20	648	37	21	391	15	19	471	24
richtig	NA	NA	NA	3	1002	97	15	707	47	6	655	53	14	547	31	21	389	15	16	469	24
riechen	NA	NA	NA	15	1159	115	20	846	55	9	769	62	17	627	36	21	399	15	17	481	24
Riese	NA	NA	NA	6	903	85	19	785	52	9	680	52	20	587	34	21	396	15	17	488	25
Ring	18	1000	76	11	899	87	20	696	44	9	643	52	19	532	31	20	396	15	18	460	24
Ritter	14	1134	88	9	946	94	13	704	46	9	652	53	18	594	34	16	395	15	18	466	24
Ritual	NA	NA	NA	13	1093	106	20	1003	66	8	867	79	20	677	40	21	391	15	18	489	25
Robbe	16	1172	96	15	1134	125	19	799	54	11	734	58	19	630	37	22	416	16	19	470	24
Rock	17	1063	84	13	933	91	20	700	45	10	658	55	19	556	32	20	397	15	17	486	25
rollen	NA	NA	NA	9	912	89	19	806	53	9	717	58	19	595	34	20	405	15	18	459	23
Rose	18	1033	84	10	918	89	22	729	49	10	582	46	18	589	34	22	403	15	19	508	26
rot	NA	NA	NA	9	826	75	19	668	44	9	667	53	20	572	33	21	426	16	18	471	24
Rücken	16	1180	90	8	1008	92	21	738	50	10	739	58	17	587	33	21	409	15	19	479	24
Rücksicht	NA	NA	NA	12	1120	120	19	948	63	12	814	64	19	644	37	21	431	16	18	511	26
rufen	NA	NA	NA	13	1001	92	22	773	50	9	660	51	19	547	32	21	421	16	18	471	24
Ruhe	12	1146	90	13	995	97	22	694	45	9	677	53	18	579	33	21	413	16	17	488	25
ruhig	NA	NA	NA	9	1089	113	17	816	56	8	777	61	19	601	34	19	415	16	19	507	26
rühren	NA	NA	NA	14	1107	112	21	902	59	9	746	58	19	619	35	20	423	16	18	502	26
Rum	NA	NA	NA	8	1009	102	20	738	51	9	631	56	20	559	36	21	415	17	18	486	26
rund	NA	NA	NA	11	957	93	23	729	48	13	693	56	18	583	33	22	406	15	18	491	25
rutschen	NA	NA	NA	8	1196	121	17	908	58	8	742	55	17	621	36	20	412	16	17	513	26
Sache	13	1157	93	12	1011	95	18	702	45	12	634	48	18	603	35	21	372	14	18	437	22
Sack	14	1083	87	8	882	80	17	652	42	9	628	49	17	574	33	21	386	15	18	438	22
Saft	17	1164	89	12	976	86	20	702	48	9	665	51	17	587	34	21	378	15	19	450	23
sagen	NA	NA	NA	9	918	85	20	693	44	10	696	56	20	556	32	21	380	14	18	440	22
Salat	15	1121	84	11	1056	105	14	718	48	7	658	53	19	591	34	18	380	14	17	447	23
Salz	NA	NA	NA	7	938	91	15	732	48	9	653	52	17	579	33	21	381	14	19	448	23
Samen	NA	NA	NA	12	983	92	18	737	50	12	709	54	19	607	35	21	373	14	18	459	23
sammeln	NA	NA	NA	12	1126	104	22	828	54	9	700	54	19	552	31	21	387	15	18	450	22
Samstag	8	1110	85	14	1032	102	18	754	49	11	685	54	20	581	33	21	389	15	19	469	24
Sand	9	1064	79	5	802	74	15	691	46	8	645	49	18	541	31	21	370	14	18	448	23
satt	NA	NA	NA	9	1035	95	22	742	48	9	656	53	19	597	34	21	381	14	19	456	23
Satz	16	1207	101	10	886	88	22	706	47	13	735	59	17	578	33	20	376	14	19	448	23
Sau	7	1074	80	10	858	82	20	700	44	11	678	50	19	609	35	21	377	14	18	451	23
sauber	NA	NA	NA	8	995	97	21	760	52	10	636	53	19	622	36	21	386	15	19	453	23
Schachtel	11	1084	83	15	1231	122	19	917	61	11	754	61	18	577	34	22	370	14	19	432	22
Schaf	17	1025	78	13	924	85	14	631	42	11	588	45	19	511	30	20	367	14	19	428	22
schaffen	NA	NA	NA	14	976	95	20	721	46	11	692	57	20	569	33	22	356	13	19	429	22
Schal	NA	NA	NA	15	815	79	18	673	43	11	596	45	20	503	29	22	359	13	19	433	22
scharf	NA	NA	NA	11	968	88	19	712	46	8	621	47	15	551	32	21	348	13	18	430	22
Schatten	16	1150	91	9	955	93	20	732	48	10	670	54	19	538	31	21	373	14	19	428	22
Schatz	13	1092	85	9	886	78	21	662	44	9	599	46	18	492	28	22	362	14	19	409	20
schauen	NA	NA	NA	13	946	86	22	707	46	9	616	47	19	515	30	19	364	14	18	411	21
Schaufel	10	1101	82	9	953	87	22	793	52	9	679	55	17	561	32	21	355	14	18	427	22
Schaukel	14	1131	84	9	999	101	20	715	47	7	617	49	19	566	33	22	372	14	18	414	21
Schaum	11	1043	81	10	841	76	20	728	47	10	639	48	20	537	31	21	355	13	18	414	21
Scheibe	14	1100	88	11	978	92	16	788	55	8	726	59	19	554	32	21	355	13	18	427	21
schenken	NA	NA	NA	12	986	96	20	755	50	11	642	51	18	560	33	21	359	14	17	433	22
Schere	13	1083	82	7	892	81	20	726	47	10	666	51	19	540	31	22	361	14	18	417	21
schicken	NA	NA	NA	9	1024	94	19	738	47	9	694	52	18	535	31	21	381	14	19	419	21
schieben	NA	NA	NA	13	982	92	23	716	49	12	674	54	17	553	31	22	359	13	19	416	21
schief	NA	NA	NA	9	930	92	18	700	46	8	670	54	19	589	34	21	357	13	18	424	21
Schiff	NA	NA	NA	11	890	82	18	665	44	10	643	50	19	502	29	20	351	13	18	425	21
Schild	17	1051	80	11	898	83	21	720	47	9	642	49	19	532	31	22	355	13	19	434	22
Schimmel	12	1105	87	12	944	90	18	769	51	10	739	63	18	536	31	21	362	14	16	435	22
schimpfen	NA	NA	NA	9	1068	97	17	769	51	9	707	56	19	561	32	18	365	14	19	438	22
schlachten	NA	NA	NA	10	1072	109	21	827	53	13	700	55	19	616	35	21	389	15	16	463	23
schlafen	NA	NA	NA	13	934	86	19	649	42	9	645	49	17	535	31	21	356	13	18	432	22
schlagen	NA	NA	NA	14	876	91	21	679	47	12	616	51	19	539	32	22	361	14	19	426	21
Schlange	12	1143	87	13	944	88	22	722	48	9	612	51	18	530	30	21	366	14	17	434	22
schlank	NA	NA	NA	11	926	90	20	721	46	10	661	55	17	559	33	22	363	14	18	424	21
schlau	NA	NA	NA	14	922	84	21	671	43	12	628	51	19	534	31	20	366	14	18	421	22
schlecht	NA	NA	NA	14	935	91	21	702	47	12	657	52	18	552	31	21	365	14	18	414	21
Schleife	11	1062	80	10	967	89	20	787	52	10	657	51	20	564	32	21	358	13	18	431	22
schleppen	NA	NA	NA	10	953	88	22	808	53	10	631	49	17	517	29	22	366	14	18	439	22
schleudern	NA	NA	NA	15	1054	102	21	837	59	13	735	59	20	646	37	22	376	14	19	430	22
schließen	NA	NA	NA	9	963	85	19	703	49	10	629	49	19	542	32	21	369	14	18	450	23
schlimm	NA	NA	NA	11	1002	94	21	716	45	9	626	47	19	558	32	21	364	14	18	453	23
Schlitten	14	1258	99	9	1057	110	17	774	50	10	742	59	20	595	34	20	358	13	18	419	21
Schloss	14	1100	83	7	902	85	22	644	41	9	582	44	18	525	31	22	363	14	19	421	21
Schlosser	NA	NA	NA	7	1021	94	16	780	55	9	694	54	19	583	36	21	368	14	18	432	22
schlucken	NA	NA	NA	10	1132	106	20	778	51	10	729	56	20	565	33	19	360	14	17	422	21
Schluss	14	1098	82	13	932	94	19	720	47	10	626	49	20	544	31	22	361	14	18	428	22
Schlüssel	12	1095	85	10	989	91	21	696	46	8	689	52	18	543	32	22	370	14	19	434	22
schmecken	NA	NA	NA	8	924	88	20	717	45	10	666	51	20	568	33	20	359	14	18	433	22
schmelzen	NA	NA	NA	6	948	90	17	786	52	8	638	48	19	541	31	21	365	14	16	427	21
schmücken	NA	NA	NA	13	1039	94	20	834	54	10	691	53	19	592	34	21	379	14	19	446	22
schmutzig	NA	NA	NA	13	1098	111	20	782	52	12	655	52	19	558	32	20	376	14	18	430	22
Schnabel	14	1094	81	10	931	89	22	736	47	9	628	49	19	584	34	22	352	13	19	414	21
Schnecke	10	1133	87	8	923	86	17	734	47	10	658	53	20	549	32	21	366	14	18	421	21
Schnee	20	954	72	14	906	85	20	632	41	9	572	46	18	537	31	20	361	14	18	438	22
schneiden	NA	NA	NA	13	877	85	20	812	52	10	664	54	19	552	32	21	367	14	17	428	21
schnell	NA	NA	NA	13	856	83	20	627	41	11	603	48	19	525	30	21	349	13	18	416	21
Schnur	16	1065	79	16	986	96	23	704	47	12	590	48	20	534	32	21	376	14	19	431	22
Schokolade	NA	NA	NA	15	969	94	20	738	47	10	682	54	20	595	35	22	394	15	19	441	22
schön	NA	NA	NA	8	854	83	20	619	40	10	575	47	20	499	28	21	344	13	17	428	22
Schrank	15	1054	79	14	923	84	22	695	46	9	621	48	19	514	30	20	360	14	18	432	22
Schraube	16	1088	89	13	1065	98	17	714	49	10	706	56	19	537	31	22	364	14	18	429	21
schreiben	NA	NA	NA	10	968	87	21	748	47	10	644	48	19	553	32	21	358	13	18	433	22
schreien	NA	NA	NA	7	946	90	17	748	49	9	653	52	18	537	32	21	364	14	17	428	22
Schrift	13	1081	83	12	1137	110	21	772	51	8	731	58	18	549	31	21	348	13	18	431	22
Schritt	15	1072	80	15	949	90	21	704	46	11	667	50	19	525	31	20	361	13	17	427	21
Schuh	6	1037	77	9	911	95	20	706	47	10	606	49	18	532	31	20	359	14	19	422	21
Schule	16	1039	79	14	878	82	22	688	44	8	591	48	19	525	30	21	359	14	18	425	21
Schüler	17	1092	85	10	999	92	22	772	50	10	635	48	18	558	32	22	361	14	19	419	21
Schulter	13	1119	88	10	1010	91	22	803	53	13	667	53	19	610	35	20	374	14	19	430	21
schütteln	NA	NA	NA	15	1086	102	22	812	52	12	693	52	20	589	33	21	370	14	19	426	21
Schutz	17	1103	84	8	953	88	22	704	45	13	648	50	19	535	31	21	361	13	18	420	21
schützen	NA	NA	NA	14	1023	96	22	779	49	9	669	50	18	557	32	20	358	13	18	418	21
schwach	NA	NA	NA	15	859	79	16	810	54	11	640	51	19	534	30	21	374	14	19	432	22
Schwalbe	16	1097	93	16	1158	109	19	795	53	11	697	54	20	584	34	21	372	14	19	457	23
Schwanz	15	1016	82	11	917	83	20	661	45	10	602	47	20	536	31	21	363	14	18	412	21
schwarz	NA	NA	NA	10	878	85	18	695	44	9	623	49	17	540	31	20	370	14	18	427	21
schweigen	NA	NA	NA	12	965	89	17	844	56	8	702	55	17	569	33	21	364	14	18	409	21
Schwein	17	1152	86	9	995	93	18	676	44	9	611	49	19	530	30	20	362	14	17	417	21
schwer	NA	NA	NA	14	857	80	21	659	42	8	627	51	18	538	31	21	360	14	17	437	22
Schwester	16	1196	96	12	1084	108	22	725	48	12	747	59	17	545	31	21	360	14	19	425	21
schwierig	NA	NA	NA	8	1070	102	17	806	52	10	703	54	19	576	33	21	366	14	18	434	22
schwimmen	NA	NA	NA	10	917	86	20	736	47	10	619	50	20	538	31	21	364	14	16	423	21
Schwimmer	16	1193	94	6	989	100	22	747	47	8	677	55	17	581	34	22	381	14	19	435	22
schwitzen	NA	NA	NA	10	903	88	21	789	52	9	739	58	18	573	33	21	369	14	16	424	21
See	13	922	69	14	802	76	21	668	42	11	637	47	19	553	32	20	379	14	17	461	23
Segelboot	NA	NA	NA	10	1147	109	20	1027	65	10	835	62	19	655	38	19	394	15	17	468	23
sehen	NA	NA	NA	12	918	95	14	688	45	9	689	54	18	597	34	22	380	14	18	439	22
Seife	13	1152	86	11	977	99	23	766	50	13	654	52	19	571	32	22	380	14	19	429	22
Seite	15	1138	85	8	973	99	19	743	48	9	715	58	19	577	34	21	379	14	16	436	22
selten	NA	NA	NA	9	1084	98	18	798	53	10	724	56	18	581	34	22	383	14	18	461	23
senden	NA	NA	NA	14	1124	102	17	835	54	8	682	53	18	577	33	21	393	15	18	475	24
sensibel	NA	NA	NA	13	1270	123	20	1039	68	11	858	66	18	699	40	19	413	15	18	485	24
September	NA	NA	NA	11	1088	110	23	857	55	13	704	53	19	612	36	20	401	15	17	444	22
Sessel	16	1319	104	10	1038	105	18	841	57	12	709	59	18	629	36	22	390	15	18	459	23
setzen	NA	NA	NA	14	1146	104	20	792	52	12	725	55	19	572	33	20	387	15	15	441	22
siegen	NA	NA	NA	14	998	95	19	811	53	11	704	56	18	590	35	19	399	16	18	467	24
singen	NA	NA	NA	9	944	85	20	730	50	13	669	52	18	615	35	21	388	15	18	452	23
sinken	NA	NA	NA	8	941	100	16	846	58	9	781	65	20	604	35	21	390	15	18	447	23
Sinn	NA	NA	NA	12	906	94	19	724	48	11	679	54	19	551	32	22	385	15	19	459	23
sitzen	NA	NA	NA	2	1013	92	16	797	52	8	649	50	14	590	34	18	385	15	18	447	22
Skorpion	NA	NA	NA	6	1135	135	14	1042	73	9	838	74	19	666	41	21	398	15	16	461	24
Sofa	15	1124	86	12	1056	95	20	695	45	12	646	52	18	534	31	20	369	14	19	450	23
Sohn	NA	NA	NA	14	909	97	20	720	48	10	633	51	19	550	31	22	364	14	18	443	23
Sommer	18	941	71	7	871	83	11	664	43	10	629	51	17	564	32	19	380	14	18	457	23
Sonnabend	NA	NA	NA	6	1007	100	15	836	61	12	754	61	16	634	37	19	401	16	18	431	22
Sonne	12	945	70	9	820	76	13	657	43	11	561	47	17	554	32	21	368	14	18	444	22
Sonntag	9	1170	89	9	928	83	17	691	46	9	607	47	20	537	31	20	370	14	18	437	22
sorgen	NA	NA	NA	4	969	94	15	747	48	10	684	55	18	581	33	21	371	14	17	434	22
Soße	15	1114	91	11	978	90	20	758	49	11	612	48	19	582	33	21	396	15	18	474	24
sparen	NA	NA	NA	12	961	95	18	783	52	11	633	51	18	528	30	22	371	14	19	412	21
Spaß	14	979	74	10	854	83	15	636	40	11	555	44	19	528	31	21	369	14	17	440	22
spät	NA	NA	NA	13	886	88	20	685	45	12	617	50	18	554	31	21	360	14	18	418	21
Spiegel	16	1062	85	13	981	99	19	696	45	10	605	48	20	568	33	21	368	14	18	431	22
Spiel	9	1021	80	9	890	83	13	613	40	10	630	48	14	545	31	20	358	13	18	444	22
spielen	NA	NA	NA	12	938	86	18	673	43	12	658	53	18	534	31	21	361	14	18	421	21
Spinne	7	1007	76	10	881	81	16	671	43	9	627	51	20	505	29	17	358	13	17	410	21
spitz	NA	NA	NA	12	880	87	21	740	50	11	671	56	18	567	33	21	369	14	18	436	22
Sport	14	970	75	5	828	75	15	627	40	6	621	50	14	546	31	21	376	14	17	436	22
Sprache	12	1052	82	7	882	92	16	674	43	10	682	54	19	554	32	19	365	14	16	427	21
sprechen	NA	NA	NA	10	967	98	20	707	46	10	630	51	20	534	30	19	374	14	18	440	22
springen	NA	NA	NA	8	958	91	20	694	43	10	657	49	19	568	33	20	384	14	19	438	22
spritzen	NA	NA	NA	11	1034	105	19	804	54	10	710	59	20	580	34	20	389	15	18	432	22
Stadt	14	1115	99	10	944	88	20	668	45	8	608	46	18	510	30	22	360	14	19	406	21
Städtchen	NA	NA	NA	10	1095	111	19	892	61	10	715	58	20	704	41	20	374	14	18	464	23
Stall	11	1110	97	13	934	87	20	662	43	13	598	48	20	525	31	22	360	14	19	418	21
Stamm	8	1079	82	5	882	87	10	695	45	8	640	51	19	560	32	21	362	14	17	430	22
Stand	13	1119	102	13	868	83	17	796	57	11	647	55	18	547	31	22	356	14	19	437	22
Standpunkt	NA	NA	NA	11	1077	112	23	859	60	13	760	61	19	691	41	22	382	14	19	461	23
Stange	12	1161	97	11	1040	97	20	665	44	12	680	52	19	589	34	20	356	13	18	443	22
Stapel	10	1103	83	13	963	92	20	822	55	9	666	53	20	559	33	20	368	14	18	435	22
stark	NA	NA	NA	10	894	84	20	682	43	10	626	51	19	536	31	22	355	13	19	418	21
Start	5	1050	80	9	843	77	20	741	50	8	606	47	17	525	30	20	369	14	18	445	22
stechen	NA	NA	NA	12	1013	112	19	809	57	11	686	57	19	575	33	21	359	14	17	452	23
stehen	NA	NA	NA	12	979	97	18	723	46	12	642	52	19	537	31	21	370	14	18	437	22
steigen	NA	NA	NA	12	877	85	20	708	45	12	624	46	18	575	34	21	365	14	18	428	21
Stein	8	1111	89	12	856	83	17	649	42	12	612	47	18	514	30	21	357	13	18	409	21
Stelle	12	1051	89	13	878	89	19	679	44	8	649	51	20	550	32	21	361	14	18	424	21
stellen	NA	NA	NA	10	922	83	17	743	49	8	636	49	19	551	32	21	363	14	18	431	22
sterben	NA	NA	NA	7	976	90	17	807	58	10	636	49	19	517	30	21	361	14	18	420	21
Stern	18	1105	87	14	866	79	18	687	45	10	605	47	19	514	29	21	361	13	19	433	22
Stiefel	9	1111	92	13	914	82	17	754	53	10	670	53	19	546	31	21	372	14	19	441	22
Stift	10	1043	82	9	915	82	18	761	51	9	625	48	16	556	32	21	381	14	17	422	21
still	NA	NA	NA	7	893	85	20	666	44	12	671	56	15	556	34	20	352	13	19	421	21
Stimme	16	1074	86	8	898	89	22	717	47	12	606	48	18	577	33	21	363	14	19	428	21
Stirn	NA	NA	NA	10	931	92	22	711	46	13	666	54	19	558	32	21	368	14	19	449	22
Stock	9	1172	88	7	843	78	16	658	42	10	630	51	20	542	31	21	356	14	18	419	21
Stoff	NA	NA	NA	13	889	88	20	691	44	11	599	48	19	568	33	21	362	14	17	412	21
stolpern	NA	NA	NA	12	1104	109	17	787	51	12	669	57	18	606	35	19	357	13	17	442	22
stolz	NA	NA	NA	9	994	96	20	645	42	10	633	50	20	548	31	21	364	14	16	436	22
Storch	12	990	81	12	959	91	20	667	46	12	649	54	16	569	33	21	365	14	18	439	22
stören	NA	NA	NA	10	997	93	9	685	44	7	650	50	11	559	32	8	358	13	16	445	23
stoßen	NA	NA	NA	11	1132	108	20	769	49	9	726	55	19	570	34	20	361	13	17	428	21
Strafe	NA	NA	NA	7	907	94	16	715	47	10	678	54	19	559	32	21	355	13	17	435	22
Strand	11	1097	90	8	951	94	19	680	45	9	681	55	16	549	32	20	359	14	18	425	21
Straße	18	1048	86	11	867	80	21	683	43	12	591	45	19	526	31	20	359	13	17	425	21
Streich	17	1193	99	9	1066	106	20	697	47	10	696	58	18	550	32	22	361	14	19	434	22
Streit	16	1041	82	12	1033	98	20	765	51	11	705	56	19	567	33	21	364	14	17	422	21
Stroh	NA	NA	NA	10	1174	112	18	734	47	9	716	58	20	554	32	21	355	13	18	418	21
Strömung	NA	NA	NA	8	1047	98	20	866	58	12	729	58	17	582	34	19	370	14	19	443	23
Strumpf	9	1038	82	15	962	95	22	784	53	9	671	54	19	617	35	21	373	15	18	443	22
Stück	17	1075	85	6	904	88	7	634	41	4	615	46	9	529	30	19	366	14	18	417	22
Stufe	7	1047	85	10	925	85	20	668	44	9	616	50	20	575	34	21	361	14	18	426	22
Stuhl	15	1013	83	14	839	81	22	704	45	13	619	49	20	571	33	21	365	14	19	404	21
Stunde	15	1016	80	15	867	86	20	669	42	12	593	44	18	556	32	21	358	13	18	432	22
Sturm	12	1100	93	8	977	89	21	693	44	10	574	44	18	532	31	22	357	13	19	419	21
suchen	NA	NA	NA	14	952	88	14	756	48	11	626	51	19	562	33	21	363	14	18	434	22
Suppe	NA	NA	NA	9	895	85	22	652	42	10	704	56	19	587	35	22	376	14	18	445	22
süß	NA	NA	NA	10	922	84	19	648	42	8	617	47	19	525	30	19	385	15	17	432	22
Tafel	14	1283	93	15	1067	97	21	707	45	11	678	51	20	570	33	21	376	14	19	465	23
Tag	14	970	74	10	936	91	19	633	41	9	658	52	17	560	32	18	377	14	18	457	23
Tal	NA	NA	NA	10	872	85	22	698	44	10	665	53	19	578	34	22	387	14	19	461	23
Tanne	14	1191	92	14	923	83	23	716	46	13	619	46	20	570	32	22	390	15	18	461	23
Tante	17	1117	85	9	1060	105	21	745	49	10	639	50	20	554	32	21	390	15	18	445	22
tanzen	NA	NA	NA	8	971	93	20	680	44	10	654	53	20	590	34	20	386	15	18	429	22
Tasche	16	1245	100	9	956	86	19	745	48	7	655	53	19	556	32	22	383	15	18	454	23
Tasse	12	1230	95	7	958	95	16	766	52	10	705	56	20	560	32	21	391	15	18	443	22
Tastatur	NA	NA	NA	14	1083	112	22	951	60	9	788	64	19	644	37	21	395	15	18	497	25
Tatsache	12	1338	126	8	1159	120	15	1028	71	10	880	71	18	708	41	20	379	14	18	475	24
Taube	13	1253	96	12	1154	112	22	760	50	9	717	57	18	553	31	21	374	14	18	448	23
tauchen	NA	NA	NA	14	1076	99	17	747	49	11	731	58	19	563	32	22	396	15	19	471	24
Teddybär	NA	NA	NA	8	1175	114	15	878	56	12	783	65	17	625	36	21	418	16	18	482	24
Tee	14	1083	82	10	897	91	17	665	43	9	677	53	18	558	32	20	402	15	18	471	24
Teelöffel	NA	NA	NA	10	1204	129	18	957	65	10	796	66	20	632	36	21	413	16	18	493	25
Teil	13	1257	101	11	846	78	20	742	48	9	687	54	19	562	32	20	387	15	18	473	24
Telefon	NA	NA	NA	12	927	85	23	719	47	13	638	48	18	578	33	22	385	15	17	472	24
Teller	15	1358	102	16	1036	97	21	774	50	12	649	52	20	583	34	22	396	15	19	464	23
Teppich	NA	NA	NA	15	1020	99	21	790	50	9	690	56	19	558	32	21	394	15	18	481	24
teuer	NA	NA	NA	12	1091	111	20	758	51	9	695	55	20	586	33	20	386	15	17	438	22
Teufel	14	1445	110	9	1009	92	21	798	52	12	681	55	18	555	32	22	375	14	17	461	23
Text	15	1429	111	7	979	90	18	714	47	10	627	50	19	548	31	21	405	15	18	470	24
tief	NA	NA	NA	12	1038	96	12	723	47	8	654	51	16	555	32	22	404	15	18	444	22
Tier	17	1068	80	10	905	80	22	695	44	10	685	52	18	592	34	22	391	15	18	457	23
Tiger	12	1258	96	9	936	84	21	722	47	10	776	61	19	574	33	19	391	15	19	446	22
Tipp	17	1226	94	12	889	90	20	750	49	11	692	55	20	589	33	20	401	15	16	463	24
Tisch	14	1221	93	16	1004	91	23	718	46	13	641	52	20	550	32	22	398	15	17	452	23
Tochter	15	1194	96	12	1131	104	21	841	57	9	725	57	20	578	33	21	387	14	18	458	23
toll	NA	NA	NA	15	899	79	18	637	42	11	589	46	20	530	30	22	367	14	19	433	22
Tomate	17	1195	96	14	949	92	22	737	47	9	636	50	19	570	33	21	392	15	18	492	25
Ton	NA	NA	NA	11	987	102	21	727	49	8	691	56	18	555	32	20	381	14	18	463	24
Topf	18	1205	93	10	990	93	22	684	44	9	623	52	17	543	32	21	379	14	18	448	23
Tor	16	1223	93	14	878	79	19	641	41	11	622	48	19	517	30	21	388	15	19	467	24
tot	NA	NA	NA	15	993	98	17	694	45	10	594	47	20	539	31	22	379	14	19	466	23
tragen	NA	NA	NA	10	1032	94	21	788	50	9	706	59	20	570	33	21	392	15	18	435	22
Traum	15	1134	88	10	942	91	23	727	46	13	663	52	19	584	34	21	367	14	19	454	23
traurig	NA	NA	NA	11	1007	98	22	782	50	10	744	55	18	579	33	21	384	15	18	462	23
treffen	NA	NA	NA	12	1101	99	20	745	47	10	690	52	19	558	32	21	378	14	19	442	22
treiben	NA	NA	NA	9	1020	103	20	752	48	10	710	53	20	584	34	21	392	15	18	448	23
trennen	NA	NA	NA	11	986	102	20	816	55	12	718	57	18	603	35	21	398	15	17	467	24
Treppe	16	1321	102	2	1087	99	16	793	50	10	695	56	19	592	34	21	381	15	18	453	23
treten	NA	NA	NA	12	1092	98	20	796	55	7	710	55	18	613	35	20	378	14	18	456	23
trinken	NA	NA	NA	14	975	86	20	690	46	11	694	54	19	587	33	22	391	15	19	446	22
trocken	NA	NA	NA	9	1009	96	20	780	51	10	696	55	19	563	32	21	380	14	19	467	24
Trommel	17	1311	97	13	1079	105	17	833	56	10	709	57	19	592	35	22	388	15	19	469	24
Trommler	NA	NA	NA	10	1095	103	22	880	60	9	695	58	18	637	37	21	398	15	18	472	24
Tube	14	1396	114	9	997	99	19	772	52	9	739	60	20	565	32	20	420	16	18	454	23
Tür	18	1034	90	5	1029	94	16	685	44	10	587	49	20	535	31	21	398	15	18	466	24
Turm	11	1229	95	7	1012	95	22	731	46	12	706	54	20	566	33	22	393	15	19	461	23
turnen	NA	NA	NA	12	1031	104	21	760	51	8	773	61	20	589	34	21	398	15	18	451	23
Tüte	16	1307	103	10	1005	93	20	749	49	10	703	57	20	582	34	21	388	15	18	479	24
üben	NA	NA	NA	9	933	91	20	706	46	9	717	57	19	587	33	21	409	15	18	463	24
Überraschung	NA	NA	NA	12	1096	117	23	893	57	13	754	62	18	577	34	21	420	16	19	491	25
Übung	NA	NA	NA	14	1111	108	21	851	55	12	712	58	19	575	33	21	396	15	18	457	24
Uhr	13	1006	77	8	851	77	20	694	45	10	674	52	20	556	32	21	408	16	17	478	24
Uhu	9	1246	108	11	1115	108	22	848	55	10	783	62	19	676	39	22	403	16	18	483	25
Umarmung	NA	NA	NA	10	1302	122	20	1083	77	10	906	73	19	689	40	21	400	15	18	515	26
Unfall	12	1228	112	14	1038	99	21	849	53	9	697	52	18	553	32	21	399	15	18	495	25
Ungeheuer	NA	NA	NA	8	1216	123	18	976	64	9	789	64	20	633	36	20	415	16	17	503	26
Universität	NA	NA	NA	9	1247	124	19	1080	72	10	847	67	19	733	43	22	422	16	18	500	25
Unterhemd	NA	NA	NA	16	1228	112	19	939	64	11	901	75	20	665	39	21	420	16	19	502	25
Unterhose	NA	NA	NA	13	1134	118	22	939	60	9	826	65	19	641	37	21	430	16	18	492	25
Unwetter	NA	NA	NA	7	1348	124	17	884	58	7	780	60	20	597	35	21	415	16	18	496	25
Urlaub	9	1089	86	11	1027	98	18	794	50	11	695	52	17	582	33	19	414	16	17	498	25
Urlauber	13	1370	112	9	1150	112	19	925	62	8	781	59	18	650	38	22	431	16	19	495	25
Urwald	13	1173	93	8	1135	103	21	938	61	10	850	65	18	606	35	21	412	16	17	484	25
Vampir	15	1140	95	14	1010	92	19	792	52	11	701	54	20	552	32	22	390	15	19	520	26
Vanille	NA	NA	NA	10	1007	100	21	879	57	8	748	56	17	613	36	21	405	15	18	483	24
Vase	18	1105	99	16	951	96	22	810	56	13	734	59	20	618	35	22	395	15	18	477	24
Vater	16	1002	80	11	980	92	18	677	45	10	669	52	18	583	33	20	375	14	18	444	22
Veilchen	NA	NA	NA	11	1124	140	18	969	67	10	939	78	19	741	45	22	393	15	18	484	24
verändern	NA	NA	NA	11	1106	118	20	783	56	8	731	59	20	600	34	20	406	15	18	462	24
verbieten	NA	NA	NA	8	1091	113	22	816	53	9	703	53	19	617	36	21	386	15	19	460	23
verblüffen	NA	NA	NA	12	1131	106	17	863	56	10	729	55	19	633	37	21	402	15	18	470	24
verbrauchen	NA	NA	NA	8	988	90	14	884	57	10	702	55	16	611	35	22	403	15	17	450	23
verbuddeln	NA	NA	NA	13	1207	125	20	850	64	12	773	61	19	662	39	21	408	16	18	503	25
verdauen	NA	NA	NA	10	1070	114	18	801	56	9	704	53	18	617	37	21	391	15	17	442	22
verderben	NA	NA	NA	11	969	96	21	790	57	12	759	59	19	650	38	21	389	15	17	477	24
verdienen	NA	NA	NA	7	1086	108	19	856	58	9	725	59	15	562	32	22	395	15	19	465	23
verdonnern	NA	NA	NA	13	1029	117	20	891	62	10	791	62	17	596	35	21	407	15	18	462	24
verdrehen	NA	NA	NA	14	1001	95	20	837	54	11	746	58	18	631	36	21	378	14	17	481	24
verdrücken	NA	NA	NA	13	1113	104	19	787	53	11	814	63	19	600	35	21	405	15	18	480	24
verfahren	NA	NA	NA	14	1108	108	20	825	58	9	724	56	18	655	38	20	384	14	17	432	22
verfolgen	NA	NA	NA	11	1124	111	21	905	58	9	727	56	19	603	35	20	394	15	17	454	23
vergeben	NA	NA	NA	11	1003	92	22	822	54	13	732	56	18	596	35	22	398	15	19	470	24
vergessen	NA	NA	NA	10	957	88	20	734	48	11	647	51	18	582	33	22	381	14	18	461	23
vergeuden	NA	NA	NA	15	1122	111	21	785	57	11	774	61	20	662	41	22	399	15	19	468	24
Vergleich	16	1185	97	15	1031	97	23	801	54	12	689	52	19	600	35	22	391	15	18	447	23
verglühen	NA	NA	NA	9	1266	123	19	835	57	10	725	59	20	641	36	20	415	16	15	463	24
vergnügen	NA	NA	NA	13	1153	108	20	822	53	9	688	53	18	607	35	20	384	14	18	463	23
verhaspeln	NA	NA	NA	9	1065	117	21	936	66	13	849	75	18	651	40	22	414	16	18	495	25
verheilen	NA	NA	NA	9	1144	119	21	792	55	13	736	58	16	629	36	22	392	15	19	466	24
verkaufen	NA	NA	NA	9	928	90	21	746	49	9	645	51	19	576	33	20	394	15	18	453	23
Verkehr	17	1090	93	13	1021	103	20	775	50	12	627	50	19	580	33	21	409	16	17	458	23
verkehren	NA	NA	NA	10	1017	103	19	776	56	9	731	61	16	605	35	20	391	15	18	477	24
verlaufen	NA	NA	NA	13	994	95	21	774	51	10	714	56	20	590	34	20	385	15	18	461	23
verletzen	NA	NA	NA	12	1109	108	20	748	49	9	679	56	19	610	35	21	389	14	18	456	23
verlieben	NA	NA	NA	11	966	94	21	839	55	9	691	55	20	626	36	20	395	15	17	452	23
verlieren	NA	NA	NA	9	997	92	20	810	53	10	763	57	19	564	32	21	403	15	17	446	22
Verlierer	14	1170	114	8	1091	120	20	771	60	9	696	58	18	595	34	22	397	15	19	463	24
verloben	NA	NA	NA	12	962	89	22	760	52	12	680	53	18	577	34	21	393	15	19	446	22
vermissen	NA	NA	NA	8	1047	100	22	777	49	10	735	55	18	574	33	21	380	14	19	463	23
vermuten	NA	NA	NA	12	971	93	23	766	50	13	693	53	18	594	34	21	386	15	19	454	23
verpacken	NA	NA	NA	10	970	89	18	711	46	10	649	52	20	564	32	21	382	15	17	446	23
verpassen	NA	NA	NA	13	980	95	19	744	48	11	669	53	20	588	34	22	394	15	19	460	23
verraten	NA	NA	NA	14	1093	104	22	756	51	12	675	55	19	581	33	22	389	15	17	456	23
verschwenden	NA	NA	NA	11	1077	103	21	911	60	8	822	65	18	649	37	20	401	16	18	482	24
versinken	NA	NA	NA	10	1133	112	21	825	54	9	754	63	18	592	35	22	391	15	18	485	25
versprechen	NA	NA	NA	12	1063	100	21	803	53	9	708	55	19	635	36	21	390	15	18	485	25
Verstand	13	1156	103	8	941	88	21	764	51	13	654	50	17	565	32	21	369	14	19	468	24
verstecken	NA	NA	NA	14	1045	98	16	749	49	10	680	52	17	567	33	21	391	15	17	446	23
verstopfen	NA	NA	NA	11	968	91	23	851	58	13	721	55	18	628	36	19	391	15	17	456	23
vertauschen	NA	NA	NA	13	1057	97	19	935	62	9	731	61	17	608	35	19	394	15	16	471	24
verteidigen	NA	NA	NA	14	1077	105	22	932	63	9	858	71	18	638	37	20	391	15	17	452	23
verteilen	NA	NA	NA	10	1037	108	23	864	59	12	699	55	18	583	33	22	377	14	19	457	23
vertrauen	NA	NA	NA	10	983	89	18	752	50	10	654	52	17	563	32	21	374	14	18	472	24
vertreten	NA	NA	NA	11	985	91	19	864	59	13	752	59	18	591	34	21	403	15	18	465	23
verwelken	NA	NA	NA	11	1090	102	22	907	66	13	833	67	18	671	39	22	416	16	18	474	24
verwöhnen	NA	NA	NA	13	1103	109	18	895	60	12	808	65	19	644	38	21	398	15	18	460	23
verzagen	NA	NA	NA	12	1079	112	20	834	54	10	749	57	19	602	36	21	392	15	18	441	22
verzeihen	NA	NA	NA	8	1061	108	20	808	51	9	713	54	19	601	35	22	391	15	19	465	23
Video	17	1103	90	7	953	93	20	792	50	9	688	51	15	594	34	20	399	15	17	490	24
Virus	NA	NA	NA	9	1172	122	23	934	64	13	717	57	19	628	36	22	403	15	19	490	25
Vogel	16	1008	75	10	838	77	15	624	41	11	591	46	18	557	32	21	390	15	18	444	23
Volk	NA	NA	NA	9	977	91	18	747	51	10	645	49	19	562	33	18	394	15	18	440	22
voll	NA	NA	NA	9	877	87	23	671	44	13	654	52	19	556	32	22	390	15	19	444	23
vorsichtig	NA	NA	NA	4	1025	96	14	808	53	10	684	52	17	634	38	20	404	15	19	497	25
Vortag	NA	NA	NA	9	1038	101	19	777	62	10	702	60	20	594	38	19	396	18	18	472	24
Vulkan	17	1253	109	6	1024	104	18	772	51	8	793	59	20	625	36	19	412	15	17	484	24
wach	NA	NA	NA	12	994	95	21	730	47	12	672	54	16	547	31	22	400	15	19	462	24
wachsen	NA	NA	NA	8	1137	118	20	847	58	9	722	57	20	591	34	21	405	15	18	473	24
wackeln	NA	NA	NA	13	1052	107	19	764	50	12	716	58	19	598	36	21	406	15	18	495	25
Waffe	NA	NA	NA	10	1019	97	21	858	55	9	696	53	19	573	33	21	390	15	19	456	23
Wagen	17	1029	87	7	941	93	18	669	44	10	630	50	19	550	32	22	382	14	19	450	22
Wahl	9	1057	81	10	1024	96	21	715	47	10	667	52	19	556	32	20	407	15	18	468	24
Wahrheit	16	1189	103	12	1051	102	20	969	65	11	802	65	19	610	35	21	403	15	18	473	24
Wal	19	1027	84	9	965	98	18	662	43	8	635	48	17	547	32	22	377	15	19	470	24
Wald	13	1028	77	13	952	85	20	640	41	10	620	50	19	551	32	21	398	15	16	449	23
Wall	NA	NA	NA	14	952	102	16	719	61	10	632	60	20	610	41	20	400	15	18	464	23
Wand	14	1005	84	14	892	82	21	676	44	13	642	55	20	563	32	22	391	15	19	449	23
Wanne	16	1134	84	15	941	91	21	707	46	9	668	54	18	589	33	21	403	15	18	469	24
Ware	NA	NA	NA	15	908	83	21	687	44	11	638	48	20	552	31	22	390	15	19	468	23
warm	NA	NA	NA	14	882	79	23	699	46	13	686	52	19	562	33	21	408	15	19	480	24
Wärme	14	1212	91	10	1030	104	20	778	50	9	731	58	20	584	34	20	378	14	18	451	23
warnen	NA	NA	NA	14	1010	92	21	821	59	11	699	54	18	572	33	20	387	15	18	455	23
warten	NA	NA	NA	16	941	93	19	702	45	11	652	52	20	517	30	21	399	15	18	466	24
waschen	NA	NA	NA	13	1019	99	15	814	54	9	689	57	20	590	34	22	393	15	18	454	23
Wasser	13	1019	78	11	878	79	20	672	43	11	610	47	20	526	30	21	381	14	19	448	22
Weg	13	988	86	16	880	85	23	712	47	12	662	53	20	542	32	21	396	15	15	453	23
weich	NA	NA	NA	10	952	92	21	706	45	9	619	49	18	594	34	19	386	14	17	466	23
Wein	16	1127	85	11	972	96	20	675	43	8	618	49	18	536	31	21	384	14	16	467	24
weinen	NA	NA	NA	12	1020	93	20	809	51	11	753	56	19	601	34	21	392	15	17	460	23
weiß	NA	NA	NA	7	912	90	20	656	42	9	680	54	18	530	30	20	386	15	18	468	24
weit	NA	NA	NA	13	928	94	19	676	44	11	664	52	20	571	32	22	386	15	17	464	23
Welle	13	1174	88	12	1005	100	21	704	46	13	696	59	19	574	33	22	403	15	19	469	24
Welpe	14	1039	95	7	989	103	18	830	57	10	681	54	20	602	34	21	398	15	18	476	24
Welt	15	967	75	11	922	84	19	702	45	12	590	48	19	537	31	21	394	15	17	472	24
Weltkugel	NA	NA	NA	12	1066	108	21	1017	71	8	871	69	18	636	37	22	417	16	19	495	25
Weltraum	16	1254	97	12	1004	94	21	828	53	9	788	64	19	594	35	22	390	15	18	464	23
werfen	NA	NA	NA	7	938	85	21	789	54	9	717	55	18	545	31	21	396	15	19	459	23
Werkzeug	NA	NA	NA	13	1015	103	17	857	60	11	783	59	19	617	36	21	402	15	17	475	24
Weste	17	1162	95	13	969	89	17	762	51	11	685	54	18	571	32	21	391	15	18	465	23
wetten	NA	NA	NA	12	1099	107	18	866	59	11	697	56	19	587	34	22	400	15	19	464	23
Wetter	18	1110	87	14	1057	103	21	757	51	11	652	52	19	564	32	21	390	15	17	465	23
Wiese	11	1122	88	9	933	89	21	746	48	10	730	59	20	562	32	21	405	15	18	471	24
wild	NA	NA	NA	14	991	93	21	691	43	12	640	48	19	585	34	21	382	14	18	470	24
Wind	17	1021	80	10	945	84	18	656	42	11	615	47	19	546	31	21	389	14	18	471	24
Winter	12	1029	78	14	912	82	15	683	44	9	640	52	19	551	32	20	395	15	18	475	24
wirklich	NA	NA	NA	10	1013	95	23	802	52	11	758	61	19	599	34	20	400	15	18	490	25
Wirt	NA	NA	NA	7	902	89	17	747	48	10	649	49	20	610	35	21	400	15	17	479	24
wissen	NA	NA	NA	10	904	94	17	784	52	9	685	54	19	600	34	19	393	15	16	453	23
Witwe	NA	NA	NA	8	1203	113	20	979	73	9	731	61	17	594	35	22	376	14	19	470	24
Witz	17	1081	83	12	905	81	20	682	43	9	615	46	19	568	33	19	392	15	15	453	23
Woche	17	1140	93	7	924	90	14	704	45	6	632	50	19	546	32	21	391	15	18	465	23
wohnen	NA	NA	NA	10	991	98	20	748	48	11	691	55	19	566	33	21	410	16	18	469	23
Wohnung	15	1200	98	9	969	91	22	785	51	10	684	53	19	573	33	19	402	15	18	480	25
Wolf	8	1110	89	10	937	83	20	743	47	8	641	48	19	537	31	19	394	15	19	464	24
Wolke	17	1052	83	9	905	85	20	701	45	10	697	56	20	571	32	21	408	15	18	474	24
Wolle	14	1037	83	13	916	82	21	739	49	10	644	50	18	599	34	21	387	14	18	474	24
Wort	11	1053	82	14	921	84	19	690	44	11	612	49	20	562	32	22	401	15	17	464	23
Wunde	13	1072	84	15	1085	103	18	717	46	10	691	57	20	586	34	21	388	15	19	476	24
Wunsch	13	1218	94	8	1053	102	19	760	48	9	666	54	20	561	33	20	404	15	16	495	25
wünschen	NA	NA	NA	8	1041	95	20	854	56	10	786	61	20	609	35	21	410	15	18	464	23
Wurm	15	1037	78	10	961	86	18	722	46	10	656	50	17	582	33	22	398	15	19	480	24
Wurzel	19	1287	105	11	945	85	22	803	55	13	741	59	18	574	33	22	416	16	19	494	25
Wut	NA	NA	NA	6	949	92	19	671	43	10	662	54	19	552	31	21	423	16	18	468	24
Zahl	14	1081	81	9	859	83	19	672	42	10	669	50	19	553	32	21	385	14	18	437	22
zahlen	NA	NA	NA	10	1052	100	19	759	48	10	662	52	19	592	34	20	378	14	18	443	22
zählen	NA	NA	NA	11	955	89	19	799	52	9	696	55	20	608	35	21	391	15	18	429	21
Zahn	17	1195	94	8	871	86	19	684	45	10	626	49	18	560	32	19	391	15	18	453	23
Zahnbürste	NA	NA	NA	11	1108	106	21	874	57	12	778	59	18	681	40	21	396	15	18	480	24
zanken	NA	NA	NA	11	930	116	20	808	56	7	753	59	19	612	35	21	396	15	18	453	23
Zauberer	17	1132	88	9	945	88	19	702	46	7	684	58	19	610	35	19	394	15	18	452	23
Zaun	12	1063	80	9	895	81	22	680	44	13	609	47	18	573	33	21	403	15	19	459	23
Zeh	NA	NA	NA	13	983	100	20	746	51	12	699	55	19	590	34	21	391	15	17	445	22
Zeichnung	NA	NA	NA	10	1067	106	18	828	54	10	743	59	16	626	36	21	384	14	18	456	23
zeigen	NA	NA	NA	14	895	83	18	745	51	10	663	52	20	567	33	22	378	14	19	442	22
Zeit	12	1031	77	10	860	84	21	672	43	9	644	52	18	580	34	21	385	15	16	445	22
Zeitraum	15	1178	90	8	1034	102	17	872	57	10	776	63	20	631	36	21	403	15	18	467	24
Zettel	15	1188	94	11	1058	116	21	798	55	9	742	59	19	566	32	19	401	15	18	450	23
Zeug	16	1119	87	11	901	94	22	647	41	13	644	49	20	549	31	22	382	14	19	450	22
Ziege	8	1037	79	15	872	82	17	738	47	10	649	54	18	599	34	20	386	15	19	445	22
ziehen	NA	NA	NA	12	962	93	20	752	49	11	659	52	18	609	35	20	382	14	18	461	23
Ziel	17	1150	89	8	949	94	20	663	43	10	621	50	19	586	34	21	371	14	18	448	23
Zimmer	15	1072	81	6	857	80	21	691	43	10	655	49	18	557	32	22	376	14	18	467	23
Zirkus	11	1146	90	12	1037	93	19	709	47	11	706	55	20	650	38	21	399	15	18	466	23
Zitrone	NA	NA	NA	14	1041	95	17	757	49	11	641	49	20	610	35	22	389	15	17	442	22
Zoo	8	907	67	7	849	86	18	648	42	10	651	51	20	556	32	19	370	14	18	449	23
Zucker	12	1076	90	15	964	92	21	688	44	13	655	52	19	549	32	20	395	15	18	437	22
Zug	10	988	76	13	807	78	21	652	42	11	671	53	20	583	33	22	393	15	18	425	21
zuhören	NA	NA	NA	8	1211	110	21	856	55	8	712	58	20	614	36	21	393	15	18	472	24
Zukunft	NA	NA	NA	10	1094	111	22	785	53	11	711	57	17	594	34	20	405	15	19	463	24
Zunge	16	1132	101	7	942	93	20	718	47	10	670	53	20	556	32	21	384	14	18	458	23
Zwerg	13	1225	98	10	968	86	20	762	50	9	620	48	20	583	33	21	379	14	18	442	22
Zwiebel	14	1184	103	13	1015	94	21	737	47	11	709	57	20	603	35	19	387	15	16	461	23
Zwilling	18	1262	103	16	1200	125	23	879	60	13	716	61	20	636	36	20	404	15	19	482	24