word	rt.g1.n	rt.g1.m	rt.g1.se	rt.g2.n	rt.g2.m	rt.g2.se	rt.g3.n	rt.g3.m	rt.g3.se	rt.g4.n	rt.g4.m	rt.g4.se	rt.g6.n	rt.g6.m	rt.g6.se	rt.ya.n	rt.ya.m	rt.ya.se	rt.oa.n	rt.oa.m	rt.oa.se
Abend	12	3319	349	18	1667	161	21	1093	88	19	886	68	27	699	41	19	550	28	20	700	32
Abschied	13	3906	403	19	2245	213	18	1425	119	22	1192	88	29	865	50	21	548	27	20	663	30
Abwasser	NA	NA	NA	11	2390	263	16	1400	121	20	1193	91	25	854	51	21	617	30	20	738	34
Adler	8	3450	402	19	1804	171	20	1235	100	21	959	72	29	749	43	22	579	28	20	673	31
Adresse	14	3743	378	16	2265	225	20	1263	102	21	1071	80	28	746	43	21	550	27	21	657	30
Affe	16	2148	210	21	1231	114	19	1006	83	20	789	60	26	633	37	20	538	27	21	641	29
Alarm	17	3424	330	19	1956	186	22	1216	96	20	944	72	25	739	44	20	586	29	21	655	30
Allergie	NA	NA	NA	18	2541	245	13	1729	159	17	1425	113	25	961	57	21	605	30	20	736	34
alt	NA	NA	NA	20	1406	132	21	1075	86	19	947	73	27	750	44	20	555	28	21	666	30
Ameise	14	2976	301	23	1798	162	20	1283	104	22	1090	80	31	797	45	22	565	27	20	692	32
Ampel	15	2831	281	17	1891	185	20	1192	96	18	948	74	24	768	46	21	578	28	21	664	30
Amsel	13	2747	283	21	1975	183	18	1189	99	19	1082	83	29	813	47	20	604	30	20	686	31
ändern	NA	NA	NA	15	2187	221	19	1308	108	20	1081	82	26	727	43	21	567	28	21	675	31
Anfang	14	3662	370	19	1945	185	18	1347	113	22	1074	79	28	704	41	22	533	26	20	667	31
anfassen	NA	NA	NA	20	1924	180	21	1471	118	20	1156	88	28	890	51	21	562	28	21	693	31
Angel	NA	NA	NA	12	2011	216	18	1255	105	20	861	65	27	763	45	20	557	28	20	644	30
Angst	13	3354	346	24	1582	141	23	1023	79	19	903	70	30	706	40	21	522	26	19	624	29
Anker	NA	NA	NA	18	1885	182	17	1340	114	18	1030	81	24	815	49	21	592	29	20	665	31
anrufen	NA	NA	NA	20	2085	195	22	1390	110	21	1104	83	29	761	44	22	564	27	19	690	32
Antenne	13	3589	370	14	2476	255	14	1643	148	20	1348	102	21	947	60	19	606	30	20	681	31
Antilope	NA	NA	NA	16	2613	260	18	1645	138	15	1493	123	16	951	64	21	659	32	20	727	33
Antwort	NA	NA	NA	22	1832	167	21	1240	99	20	1024	78	29	727	42	22	550	27	20	670	31
anziehen	NA	NA	NA	22	1951	178	19	1364	112	21	1100	82	28	762	44	20	603	30	19	672	31
Apfel	20	3339	308	26	1359	119	18	1009	84	20	854	65	30	647	37	22	527	26	20	656	30
Apfelsine	NA	NA	NA	20	2725	255	13	1683	155	13	1270	109	27	878	51	19	660	33	19	725	34
April	16	3631	355	24	1694	151	17	1252	106	19	1036	80	30	732	41	22	529	26	20	691	32
Arbeit	19	3381	316	18	1776	171	18	1197	100	16	953	77	26	746	44	20	539	27	21	671	30
Ärger	13	3429	354	19	2311	220	22	1174	93	23	993	72	26	741	44	21	596	29	21	639	29
Arm	19	2399	224	22	1308	120	20	1088	88	21	893	67	26	698	41	21	536	26	20	638	29
Art	11	3057	329	17	1701	166	17	1234	105	13	898	77	25	760	45	18	570	29	20	745	34
Arzt	16	2812	275	20	1653	155	18	1136	95	22	1073	79	30	756	43	20	536	27	20	641	29
Ast	13	2513	259	22	1566	143	18	1047	87	19	924	71	28	795	46	21	556	27	20	668	31
Aufgabe	16	3891	380	19	1917	182	19	1236	102	18	977	77	26	755	45	21	570	28	20	638	29
aufgeben	NA	NA	NA	17	2072	203	16	1364	118	17	1231	98	28	853	49	20	589	29	20	654	30
aufpassen	NA	NA	NA	22	2138	195	19	1399	115	20	987	75	29	806	46	22	582	28	20	689	32
Aufsatz	13	4143	427	16	2531	252	19	1344	110	18	1088	85	28	846	49	20	546	27	21	660	30
Auge	20	2148	198	24	1372	123	21	956	77	21	873	65	30	687	39	22	515	25	20	641	29
August	13	3344	345	17	1883	184	19	1347	111	20	1117	85	27	779	46	21	536	26	21	665	30
Ausblick	NA	NA	NA	14	2318	239	19	1490	122	17	1245	99	27	849	50	20	603	30	21	715	32
Auto	19	2442	229	23	1206	109	20	962	78	18	825	65	31	698	39	21	534	26	20	630	29
Autobahn	NA	NA	NA	22	2407	220	19	1546	127	19	1163	90	30	746	42	21	566	28	20	686	31
Automatik	NA	NA	NA	15	2640	267	19	1613	133	21	1107	83	27	930	54	20	622	31	20	725	33
Bad	16	2748	269	19	1716	163	20	1153	94	21	810	61	27	719	42	16	548	29	20	666	31
Bagger	NA	NA	NA	11	1993	219	21	1311	105	17	1215	97	24	965	58	16	680	36	19	780	36
Bahn	13	3186	328	16	1686	168	20	1124	91	19	934	72	28	688	40	21	552	27	21	664	30
Bahnhof	NA	NA	NA	19	2019	192	19	1223	101	17	930	74	27	690	40	20	551	27	21	649	29
Ball	15	2300	229	19	1303	124	20	886	72	19	861	66	28	664	38	19	529	27	20	642	29
Ballerina	NA	NA	NA	18	2477	239	20	1712	139	18	1303	102	28	966	56	18	685	35	19	833	39
Banane	15	3000	298	21	1833	170	22	1219	96	19	1076	83	25	728	43	21	582	29	21	652	30
Bank	11	2823	304	18	1623	156	22	927	73	17	964	77	27	703	41	21	530	26	20	657	30
Bär	14	2365	239	25	1286	114	19	956	79	19	860	66	30	665	38	21	536	26	20	634	29
Bart	18	3087	293	17	1854	181	20	1246	101	19	1025	79	27	795	46	20	583	29	19	663	31
Bass	NA	NA	NA	13	1870	197	9	1313	134	14	1315	111	23	844	52	20	630	31	20	737	34
basteln	NA	NA	NA	16	1957	195	17	1528	130	17	1058	84	27	808	47	21	573	28	21	655	30
Batterie	12	4256	448	16	2140	213	20	1658	135	19	1265	98	23	833	51	20	588	29	21	709	32
Bau	7	2898	349	15	1667	169	12	1010	95	16	1068	87	25	739	44	20	566	28	21	711	32
Bauch	21	2967	271	22	1627	149	17	1279	109	18	951	74	30	749	42	22	603	29	20	633	29
Bauer	15	3051	303	19	1776	169	20	1137	92	18	951	74	27	715	42	20	538	27	20	626	29
Baum	19	2162	202	24	1417	127	20	949	77	18	849	66	28	651	38	21	552	27	20	638	29
Becher	13	3093	319	17	1683	165	16	1223	106	19	1111	86	27	751	44	20	549	27	20	695	32
Beere	NA	NA	NA	12	2338	251	17	1556	132	23	1132	83	29	794	45	22	619	30	19	686	32
beginnen	NA	NA	NA	17	2154	211	20	1321	107	18	1041	81	28	807	47	20	539	27	20	638	29
Bein	16	2616	256	20	1548	145	19	1217	100	18	952	75	27	749	44	20	561	28	21	653	30
Beispiel	NA	NA	NA	24	2198	196	21	1439	115	20	1058	80	30	740	42	22	572	28	20	676	31
bekommen	NA	NA	NA	21	1709	158	23	1241	97	20	1123	85	30	789	45	21	578	28	19	702	33
bellen	NA	NA	NA	17	1769	173	18	1339	112	17	1082	86	27	804	47	20	606	30	20	778	36
Berater	5	4092	535	15	2670	270	16	1807	157	17	1507	120	22	1014	63	19	608	31	20	679	31
Berg	13	2739	282	15	1665	168	17	1047	89	18	975	76	25	716	43	21	543	27	20	634	29
Beruf	11	3224	347	20	1883	176	18	1288	108	22	964	71	30	747	42	22	556	27	19	675	31
Besen	11	3081	332	15	1858	188	13	1342	123	18	1063	83	25	820	49	17	605	31	20	690	32
besuchen	NA	NA	NA	19	1900	180	18	1286	108	23	1181	86	30	791	45	21	570	28	20	680	31
Besucher	15	3447	343	18	2228	215	20	1417	115	19	1034	80	27	819	48	21	594	29	19	661	31
beten	NA	NA	NA	14	2163	223	13	1540	142	15	1226	101	21	945	59	18	609	31	21	695	31
Bett	13	2479	256	22	1214	111	20	885	72	21	935	70	30	680	39	20	517	26	20	626	29
Bettdecke	NA	NA	NA	18	2733	263	17	1697	144	19	1308	101	29	913	52	22	587	28	20	690	32
Beule	14	3148	318	19	1901	181	17	1407	120	18	1279	100	25	901	54	18	602	31	21	694	31
Beutel	16	3535	346	20	1843	173	20	1418	115	23	1049	76	30	775	44	22	575	28	20	683	31
bewegen	NA	NA	NA	22	1956	179	20	1266	102	19	995	77	29	768	44	20	587	29	19	670	31
bezahlen	NA	NA	NA	18	2115	204	17	1292	110	21	1019	76	28	736	43	20	549	27	21	657	30
Biene	16	3198	313	18	1862	179	22	1215	96	17	887	71	25	722	43	20	563	28	20	636	29
bieten	NA	NA	NA	12	2144	230	21	1370	110	18	1050	82	27	789	46	21	584	29	20	670	31
Bild	16	2627	257	16	1475	147	19	1100	91	21	964	72	27	680	40	21	554	27	19	641	30
billig	NA	NA	NA	17	2115	207	22	1409	111	19	1098	85	29	788	45	22	565	27	19	748	35
binden	NA	NA	NA	14	2261	233	19	1458	120	19	1216	94	23	872	53	20	577	29	20	710	33
Birne	17	3304	318	20	1986	186	20	1159	94	20	904	69	28	722	42	22	530	26	20	653	30
bitter	NA	NA	NA	19	2243	213	19	1458	120	18	1044	82	25	793	47	21	581	28	20	672	31
Blatt	18	2704	256	19	1498	142	21	1041	83	19	932	72	27	694	41	21	571	28	20	686	31
blau	NA	NA	NA	24	1620	145	19	996	82	20	871	66	28	720	42	22	556	27	19	631	29
Blei	NA	NA	NA	11	2049	225	13	1570	144	14	1024	86	20	909	58	18	585	30	21	702	32
bleiben	NA	NA	NA	19	1847	175	22	1482	117	19	1071	83	28	775	45	20	549	27	21	656	30
blind	NA	NA	NA	15	2139	216	20	1362	111	23	1157	84	31	779	44	21	588	29	20	658	30
Blitz	16	3326	325	22	1491	136	18	1084	91	18	925	72	30	736	42	19	600	30	20	644	30
Block	11	3339	359	19	1778	169	23	1128	88	19	974	75	27	761	44	20	540	27	19	642	30
blöd	NA	NA	NA	21	1895	175	20	1098	89	20	915	70	28	721	42	21	552	27	20	703	32
blond	NA	NA	NA	17	2084	204	21	1301	104	21	1113	83	26	713	42	21	560	27	21	676	31
blühen	NA	NA	NA	15	2184	221	18	1455	121	14	1226	103	27	843	49	20	587	29	20	692	32
Blume	18	2751	261	18	1390	134	23	1019	79	18	873	68	27	666	39	21	556	27	21	634	29
Blut	18	2710	257	18	1673	161	20	1073	87	22	898	66	28	699	40	20	516	26	21	637	29
Boden	15	2854	283	21	1602	148	18	1140	95	18	969	76	29	747	43	21	540	26	20	676	31
Bohne	11	3247	349	18	1958	189	19	1214	100	20	1098	83	30	817	46	22	576	28	20	668	31
Bombe	13	4041	417	15	2043	207	18	1473	123	22	1225	90	26	775	46	20	532	26	20	666	31
Boot	16	2310	226	23	1468	133	20	1086	88	22	980	72	28	725	42	22	523	25	19	634	29
böse	NA	NA	NA	21	1600	148	21	1114	89	22	872	64	26	706	42	19	565	28	20	661	30
boxen	NA	NA	NA	19	1925	183	17	1250	106	18	1054	83	27	775	45	19	600	30	19	717	33
Brand	16	3706	362	21	2048	189	19	1261	104	22	1100	81	29	790	45	20	560	28	20	690	32
braten	NA	NA	NA	22	2261	207	18	1473	123	20	1097	83	27	779	46	22	624	30	20	692	32
brauchen	NA	NA	NA	17	2492	244	19	1348	111	20	1117	85	26	763	45	21	578	28	20	676	31
braun	NA	NA	NA	20	2024	190	22	1123	88	17	998	79	27	775	45	19	586	29	21	673	30
brav	NA	NA	NA	14	1848	190	16	1239	107	18	1075	84	25	833	50	16	617	32	21	708	32
brechen	NA	NA	NA	22	2359	216	21	1463	117	18	1237	97	26	796	47	21	610	30	20	686	31
Bremse	20	4283	396	20	2147	201	19	1461	120	21	1037	78	28	815	47	22	595	29	19	652	30
brennen	NA	NA	NA	14	1920	198	21	1402	112	19	1082	83	28	732	42	21	585	29	21	685	31
Brett	14	3176	321	17	1766	173	22	1150	91	19	1023	79	24	773	47	21	536	26	21	696	32
Brief	14	3399	344	19	1642	156	23	1171	91	18	836	65	28	717	41	21	529	26	20	673	31
Brille	16	3008	294	21	1490	138	22	1192	94	20	889	68	29	775	44	21	534	26	20	635	29
bringen	NA	NA	NA	20	2226	209	17	1340	114	20	1052	80	31	777	44	21	573	28	20	666	31
Brot	20	2560	236	23	1394	126	21	991	79	21	833	62	30	686	39	21	540	26	20	619	28
Brötchen	16	3771	369	22	1945	178	22	1177	93	20	968	74	28	774	45	22	524	25	20	669	31
Brotdose	NA	NA	NA	18	2820	272	20	1828	148	18	1366	107	25	986	59	18	672	34	20	774	36
Brücke	14	2989	302	19	1802	171	19	1128	93	18	948	74	28	735	43	20	535	27	20	661	30
Bruder	15	3547	352	18	2109	203	20	1219	99	23	1026	75	29	712	41	22	534	26	20	674	31
brummen	NA	NA	NA	18	2475	238	18	1553	130	21	1261	94	27	1049	61	16	686	36	20	740	34
Brunnen	18	4360	414	15	1998	202	14	1372	123	20	1191	90	23	827	51	20	627	31	21	684	31
Buch	17	1978	190	23	1230	111	19	942	77	16	966	78	30	666	38	22	549	27	19	683	32
Buchstabe	NA	NA	NA	20	2453	230	22	1549	122	20	1130	86	28	855	49	21	585	29	20	745	34
Bucht	NA	NA	NA	10	1631	184	12	1448	136	13	1212	104	25	893	53	20	614	30	19	703	33
bunt	NA	NA	NA	23	1534	139	20	1046	85	19	945	73	28	764	44	19	550	28	20	665	31
Burg	11	2538	273	17	1873	183	19	1085	89	20	866	66	27	723	42	19	582	29	18	642	30
Bürste	16	3794	371	16	2058	205	21	1397	112	21	1143	86	26	861	51	18	592	30	20	687	32
Bus	14	2420	245	19	1317	125	17	1072	91	23	890	65	28	749	43	20	548	27	20	716	33
Busch	14	3049	308	22	1849	169	22	1341	106	21	987	74	30	806	46	20	626	31	19	690	32
Butter	17	3021	291	20	1573	147	21	1118	89	22	809	60	26	689	41	21	537	26	20	658	30
Butterbrot	NA	NA	NA	18	2298	221	21	1534	123	20	1273	97	26	892	53	21	566	28	20	744	34
Clown	9	3400	385	21	1743	161	20	1204	97	21	1076	81	26	815	48	21	609	30	18	768	36
Computer	NA	NA	NA	21	1885	174	21	1247	100	22	1043	77	29	802	46	21	586	29	20	728	33
Dach	14	2085	211	16	1373	136	21	1101	88	19	929	72	27	725	42	21	569	28	21	678	31
Dackel	NA	NA	NA	15	1912	193	21	1201	96	17	1054	84	24	815	49	20	563	28	20	668	31
Dame	13	2739	282	19	1547	147	16	1101	95	18	1008	79	25	726	43	21	541	27	21	663	30
dauern	NA	NA	NA	14	2063	213	16	1387	120	22	1253	92	30	831	47	22	620	30	20	697	32
Daumen	21	3080	281	18	1895	182	17	1387	118	21	1052	79	29	709	41	21	554	27	20	692	32
Decke	13	2658	274	20	1791	168	19	1146	94	23	980	71	30	669	38	22	526	25	20	676	31
Deckel	14	2981	301	16	2150	214	18	1161	97	19	1016	78	30	756	43	21	572	28	20	671	31
denken	NA	NA	NA	21	1915	177	20	1231	100	21	985	74	28	772	45	21	524	26	20	659	30
deutsch	NA	NA	NA	21	1807	167	23	1061	83	21	1000	75	29	739	42	22	569	28	20	644	30
Dezember	NA	NA	NA	18	1724	166	20	1181	96	19	1064	82	29	775	44	20	543	27	20	661	30
Diamant	NA	NA	NA	19	2422	230	11	1563	151	17	1245	99	27	796	47	18	590	30	20	680	31
dicht	NA	NA	NA	18	1926	186	22	1265	100	20	1094	83	24	803	49	21	576	28	21	652	30
dick	NA	NA	NA	18	1523	147	19	1176	97	18	915	72	27	722	42	21	580	28	20	687	32
Dieb	12	3228	340	19	1643	156	20	1009	82	19	1006	78	29	721	41	22	548	27	20	643	30
Diener	10	3452	381	13	1958	206	18	1321	111	22	1060	78	20	793	51	21	578	28	19	702	33
Dienstag	11	3859	415	20	1776	166	20	1122	91	21	899	67	28	723	42	21	544	27	21	682	31
Ding	13	3175	327	19	2000	190	21	1219	97	17	904	72	26	741	44	21	557	27	20	658	30
Direktor	12	4609	485	22	2319	212	18	1439	120	22	1137	84	30	806	46	20	591	29	20	730	33
Doktor	13	4451	459	19	1949	185	21	1225	98	20	942	72	26	776	46	21	575	28	20	658	30
Donnerstag	NA	NA	NA	21	2004	185	23	1241	96	19	935	72	28	720	42	21	540	26	19	675	31
doof	NA	NA	NA	14	1468	151	21	1227	98	16	965	78	27	753	44	20	557	28	17	758	36
Dorf	11	2958	318	24	1456	130	22	1091	86	19	996	77	27	727	42	20	549	27	19	642	30
Dose	NA	NA	NA	13	1390	146	20	957	78	20	789	60	27	731	43	21	541	26	21	659	30
Drache	17	3069	295	21	1933	179	20	1138	92	20	960	73	28	774	45	19	583	29	19	678	32
Draht	NA	NA	NA	14	2480	256	14	1608	145	17	1219	97	24	808	49	20	575	29	20	653	30
Dreck	NA	NA	NA	15	1814	183	18	1316	110	21	921	69	26	809	48	21	559	27	21	681	31
drehen	NA	NA	NA	18	2383	230	19	1250	103	20	945	72	27	747	44	21	539	26	21	676	31
Druck	13	3534	364	17	1620	158	19	1391	114	20	1002	76	29	774	44	19	530	27	20	674	31
dumm	NA	NA	NA	21	1606	149	22	1056	83	19	993	77	25	668	40	21	556	27	21	663	30
dunkel	NA	NA	NA	16	1760	175	19	1223	100	19	990	76	26	703	42	20	539	27	19	678	32
dünn	NA	NA	NA	13	1556	164	17	1132	96	18	917	72	30	736	42	19	540	27	20	673	31
Dunst	NA	NA	NA	6	2045	264	11	1328	128	9	1115	106	15	989	68	19	614	31	20	659	30
Durst	13	3267	337	19	1950	185	19	1192	98	23	944	69	27	740	43	21	569	28	19	656	31
echt	NA	NA	NA	21	1707	158	18	1244	104	19	1025	79	31	775	44	20	520	26	19	707	33
Ecke	19	2869	268	22	1593	146	17	1295	110	20	1001	76	31	764	43	22	549	27	19	659	31
Eichhörnchen	NA	NA	NA	20	2304	216	21	1482	118	19	1221	94	26	843	50	21	617	30	21	743	34
Eimer	18	3001	285	20	1627	152	23	1207	94	19	1009	78	26	792	47	21	602	29	19	705	33
einfach	NA	NA	NA	21	1722	159	19	1095	90	20	999	76	29	670	38	21	540	26	20	663	30
Eingang	16	3630	355	18	1822	176	21	1221	98	19	1017	78	26	754	45	20	552	27	20	670	31
eingeben	NA	NA	NA	20	2412	226	22	1812	143	20	1181	90	29	868	50	21	599	29	20	704	32
Einsicht	NA	NA	NA	7	2920	363	11	1796	174	13	1440	124	25	939	56	21	577	28	21	686	31
Eis	16	1979	193	22	1167	107	23	932	73	19	879	68	28	662	38	20	514	26	19	661	31
Eisen	14	3034	307	19	1828	174	18	1432	120	15	1059	87	27	823	48	21	545	27	20	683	31
Eiskugel	NA	NA	NA	21	2241	207	17	1424	121	19	1071	83	30	830	47	22	586	28	20	710	33
Elefant	16	3476	340	19	1940	184	22	1266	100	20	1031	78	27	755	44	20	579	29	21	718	33
Ende	15	2981	296	22	1730	158	16	1216	105	19	903	70	29	689	39	22	549	27	20	651	30
eng	NA	NA	NA	13	2109	222	14	1273	115	15	1183	98	21	926	58	20	572	28	20	707	32
Engel	13	3141	324	18	1960	189	19	1196	98	18	904	71	27	695	41	20	529	26	21	662	30
Enkelin	NA	NA	NA	6	3101	401	9	2010	206	9	1358	129	22	1115	69	19	683	34	20	785	36
Ente	20	2665	246	20	1866	175	18	1206	101	20	1000	76	30	681	39	20	543	27	20	646	30
Erbse	12	4086	430	16	2227	221	18	1549	129	19	1095	84	25	866	52	20	568	28	20	696	32
Erde	18	3008	285	19	1548	147	20	1035	84	23	870	63	27	721	42	21	538	26	21	663	30
erfinden	NA	NA	NA	20	2239	210	21	1462	117	17	1167	93	25	795	48	21	564	28	20	683	31
Erfindung	NA	NA	NA	16	2279	227	19	1518	125	16	1310	106	27	868	51	21	563	28	21	693	31
Erinnerung	NA	NA	NA	21	2702	250	18	1694	142	18	1209	95	29	880	50	21	567	28	19	745	35
erklären	NA	NA	NA	23	2475	224	19	1595	131	18	1235	97	28	770	45	20	576	29	20	689	32
erlauben	NA	NA	NA	18	1957	189	20	1445	117	21	1109	83	28	795	46	21	556	27	20	690	32
Ernte	NA	NA	NA	15	2432	246	10	1407	140	14	1171	99	28	825	48	21	590	29	20	747	34
ersticken	NA	NA	NA	17	2525	247	19	1744	144	16	1379	112	26	986	58	21	677	33	20	724	33
erwischen	NA	NA	NA	16	2122	211	19	1654	136	18	1200	94	27	858	50	21	584	29	20	735	34
erzählen	NA	NA	NA	20	1920	180	21	1252	100	18	957	75	27	781	46	20	542	27	20	687	32
erziehen	NA	NA	NA	15	2409	244	20	1788	145	16	1140	92	26	883	52	22	630	31	20	700	32
Esel	NA	NA	NA	16	1667	166	19	1023	84	19	855	66	27	698	41	20	550	27	20	659	30
essen	NA	NA	NA	21	1423	132	23	1153	90	18	814	64	28	720	42	21	545	27	21	649	29
Eule	20	2943	272	23	1421	128	19	1133	93	19	966	74	27	765	45	19	625	31	20	648	30
Explosion	NA	NA	NA	19	2606	247	19	1950	160	20	1300	99	24	955	58	21	623	31	19	755	35
Fabrik	14	3797	384	21	1960	181	18	1515	126	21	1047	78	27	765	45	21	564	28	18	679	32
Fach	18	2840	269	17	1567	153	19	1137	94	20	1065	81	26	773	46	20	574	28	20	671	31
Faden	13	3739	385	16	2069	206	17	1392	118	18	1155	90	25	866	52	17	650	34	18	734	35
Fahne	14	3111	315	23	2058	186	19	1488	122	19	1061	82	27	841	49	21	563	28	20	688	32
Fähre	6	3758	471	17	2237	219	16	1308	113	17	1391	111	26	908	54	20	618	31	20	671	31
fahren	NA	NA	NA	20	1766	165	20	1301	106	20	939	71	27	704	41	21	573	28	21	619	28
Fahrrad	18	3952	375	15	2034	206	21	1158	92	21	930	70	27	708	41	21	534	26	20	693	32
Fall	12	3108	327	16	1620	161	16	1241	107	17	1139	91	25	722	43	21	538	26	20	642	29
Familie	NA	NA	NA	18	2002	193	21	1307	105	20	1068	81	25	746	45	19	556	28	21	700	32
fangen	NA	NA	NA	18	1903	183	21	1358	109	21	946	71	26	702	41	17	584	30	21	654	30
Fantasie	NA	NA	NA	18	2327	224	15	1539	136	19	1131	87	28	825	48	21	615	30	19	767	36
Farbe	15	3174	315	20	1807	169	18	1252	105	23	991	72	29	669	38	22	541	26	20	652	30
Fasching	NA	NA	NA	22	2147	196	13	1280	118	17	1243	99	20	960	61	17	637	33	20	739	34
fassen	NA	NA	NA	13	1590	167	16	1525	132	16	1248	101	25	779	47	21	571	28	20	691	32
fast	NA	NA	NA	18	1698	164	20	1296	105	20	1058	80	27	832	49	20	573	28	20	652	30
faul	NA	NA	NA	17	1721	168	20	1136	92	16	940	76	27	709	41	21	583	29	20	666	31
Faust	18	3266	310	19	1734	165	15	1352	119	21	998	75	26	803	47	19	572	29	18	703	33
Februar	NA	NA	NA	18	2000	193	19	1193	98	21	1136	85	30	856	49	22	541	26	19	685	32
Feder	17	3396	327	15	1819	184	19	1291	106	17	1013	81	28	793	46	21	580	28	21	723	33
Fee	17	2237	215	20	1500	140	18	1024	86	19	895	69	29	735	42	17	606	31	20	726	33
fegen	NA	NA	NA	22	2219	203	15	1291	114	18	1133	89	26	879	52	15	616	33	19	739	34
fehlen	NA	NA	NA	18	2158	208	21	1501	120	20	1037	79	25	739	44	20	560	28	19	690	32
Fehler	7	2867	346	15	1826	185	20	1272	103	17	965	77	28	709	41	21	560	27	20	667	31
feiern	NA	NA	NA	18	1797	173	21	1423	113	17	1221	97	25	774	46	21	558	27	21	692	31
fein	NA	NA	NA	17	1568	153	22	1181	93	21	1156	87	26	830	49	22	611	30	19	684	32
Feind	NA	NA	NA	13	2117	223	18	1298	109	21	1000	75	26	775	46	17	513	27	21	672	30
Feld	17	3167	305	22	1624	148	21	1081	87	22	981	72	29	746	43	22	514	25	20	624	29
Fell	10	2974	328	21	1371	127	19	1112	92	21	985	74	26	687	41	18	587	30	20	692	32
Fenster	NA	NA	NA	17	1648	161	20	1260	102	23	1028	75	30	713	40	22	574	28	19	672	31
Ferien	NA	NA	NA	13	2244	236	19	1430	118	22	1140	84	28	782	45	21	614	30	20	730	34
fernsehen	NA	NA	NA	15	2017	204	20	1459	119	22	1089	80	26	793	47	19	627	32	21	725	33
fest	NA	NA	NA	23	1431	129	17	1251	106	17	859	68	28	704	41	19	573	29	20	660	30
Festung	12	3588	378	16	2664	265	17	1648	140	19	1226	94	25	864	52	21	589	29	20	700	32
Feuer	16	3030	296	23	1578	143	18	1054	88	23	922	67	29	726	42	21	533	26	19	646	30
Figur	14	3313	335	14	1818	187	21	1403	112	19	1013	78	28	731	42	21	559	27	20	665	31
Film	17	2670	257	19	1741	165	21	1206	97	22	956	71	27	675	39	21	540	26	19	666	31
finden	NA	NA	NA	21	1674	155	20	1177	96	18	920	72	27	716	42	21	560	27	21	649	29
Finger	11	3325	358	17	1716	168	20	1178	96	20	1069	81	27	690	40	20	538	27	21	646	29
Fisch	19	2473	231	22	1380	126	21	1094	88	21	815	61	28	668	39	21	541	27	20	634	29
Fischer	15	3297	328	17	1843	180	20	1215	98	17	1012	81	26	723	43	21	583	29	20	660	30
Flamingo	NA	NA	NA	16	2458	244	15	1536	135	21	1301	97	24	1000	60	15	651	35	19	749	35
Flasche	17	3349	322	20	1969	184	19	1242	102	18	933	73	30	726	41	21	548	27	20	669	31
Fleck	10	2869	316	17	1697	166	21	1218	97	16	885	72	26	730	43	21	589	29	20	648	30
Fleisch	13	3100	320	21	1752	162	22	1213	96	18	999	78	27	703	41	19	541	27	20	629	29
Fleiß	NA	NA	NA	12	2077	223	13	1514	139	21	1112	83	27	829	48	20	558	28	21	657	30
Fliege	15	3549	353	22	1925	176	21	1294	104	18	980	77	29	736	42	22	550	27	20	652	30
fliegen	NA	NA	NA	22	2083	190	20	1261	102	21	999	75	31	747	42	22	547	26	20	654	30
fliehen	NA	NA	NA	15	2377	240	17	1648	140	15	1088	90	28	840	49	19	558	28	21	668	30
fließen	NA	NA	NA	16	2215	220	22	1520	120	18	1067	84	26	790	47	21	577	28	21	668	30
Flöte	16	3302	323	19	1685	160	21	1219	97	19	1049	81	26	736	43	19	574	29	20	694	32
Flugzeug	NA	NA	NA	23	1894	171	21	1209	97	21	974	73	29	790	45	21	572	28	20	663	30
flüssig	NA	NA	NA	18	2252	217	19	1458	120	20	1085	82	29	752	43	22	570	28	20	719	33
flüstern	NA	NA	NA	18	1997	192	22	1416	111	18	1098	86	27	836	49	20	567	28	21	676	31
folgen	NA	NA	NA	18	1991	192	18	1302	109	17	1018	81	26	746	44	21	565	28	21	700	32
Form	14	3245	328	20	1680	157	21	1181	95	18	1048	82	24	844	51	17	598	31	18	726	34
Foto	17	2469	238	21	1319	122	20	1061	86	21	986	74	27	681	40	21	561	27	21	676	31
fragen	NA	NA	NA	18	1645	158	21	1247	99	21	976	73	27	729	43	21	560	27	20	669	31
Frau	13	2606	269	23	1639	148	20	1114	90	20	903	69	29	687	39	22	528	26	19	639	30
frech	NA	NA	NA	18	1828	176	17	1279	109	19	981	76	28	736	43	20	593	29	21	662	30
frei	NA	NA	NA	25	1617	143	18	1058	88	20	919	70	30	725	41	20	581	29	20	671	31
Freitag	19	3540	331	21	1940	179	22	1165	92	19	929	72	28	723	42	21	554	27	20	628	29
fremd	NA	NA	NA	20	2026	190	17	1293	110	21	960	72	27	780	46	22	549	27	20	645	30
fressen	NA	NA	NA	17	1970	193	20	1269	103	21	933	70	24	758	46	21	582	29	20	667	31
Freude	16	3820	373	16	1643	163	20	1239	101	21	950	71	28	815	47	21	553	27	19	644	30
freuen	NA	NA	NA	23	2215	200	18	1492	125	19	1184	91	30	796	45	20	566	28	20	663	30
Freundin	15	4276	425	24	2239	200	20	1354	110	21	972	73	29	754	43	22	600	29	20	668	31
freundlich	NA	NA	NA	22	2235	204	18	1636	137	20	1146	87	28	745	43	20	565	28	20	668	31
Frieden	12	4801	505	20	2342	219	18	1457	122	18	1095	86	29	789	45	21	568	28	20	664	30
frieren	NA	NA	NA	17	2879	282	19	1760	145	20	1386	105	21	906	57	19	642	32	20	741	34
frisch	NA	NA	NA	20	1969	184	22	1266	100	20	1146	87	29	842	48	20	600	30	20	685	31
froh	NA	NA	NA	16	1613	160	22	1125	89	19	1011	78	22	764	47	20	555	28	21	700	32
Frosch	16	3153	308	18	1610	155	21	1141	91	17	908	72	28	742	43	19	549	28	20	721	33
Frost	5	3224	421	17	2084	204	17	1520	129	18	1302	102	26	808	48	20	573	28	19	672	31
früh	NA	NA	NA	22	1857	170	19	1186	97	20	1001	76	30	662	38	21	518	25	20	658	30
Frühjahr	NA	NA	NA	20	2551	239	21	1633	130	20	1246	95	30	785	44	22	565	27	20	684	31
Frühling	NA	NA	NA	17	2245	220	21	1315	105	18	949	74	28	752	43	20	592	29	20	663	30
fühlen	NA	NA	NA	22	2172	198	21	1373	110	23	1030	75	27	772	45	22	538	26	20	666	31
führen	NA	NA	NA	19	2330	221	17	1437	122	19	1137	88	29	787	45	21	527	26	20	652	30
füllen	NA	NA	NA	22	1894	173	16	1488	129	18	972	76	30	750	43	18	610	31	20	654	30
Füller	18	3079	292	14	2242	231	21	1166	93	20	1057	80	28	707	41	20	590	29	21	746	34
Furcht	13	4045	417	14	2725	281	17	1668	142	18	1322	103	23	888	54	19	574	29	21	702	32
Fuß	13	2183	225	19	1140	108	20	1033	84	18	808	63	27	664	39	21	533	26	21	659	30
Fußball	14	3207	324	20	1499	140	22	1147	90	18	923	72	28	718	42	21	537	26	20	666	31
Futter	18	2811	267	19	1606	153	16	1158	100	19	905	70	27	708	41	19	575	29	20	681	31
füttern	NA	NA	NA	20	2028	190	20	1316	107	19	1043	80	27	783	46	20	545	27	21	691	31
Gabel	16	3259	319	21	1755	162	23	1240	97	19	965	74	26	814	48	21	576	28	20	661	30
Gang	5	3236	423	15	1887	191	17	1265	107	17	1012	81	27	805	47	20	570	28	20	664	30
Gans	16	2927	286	22	1557	142	17	1245	106	18	972	76	29	777	44	21	573	28	20	648	30
Garten	17	3274	315	20	1668	156	20	1080	87	20	958	73	28	772	45	20	555	28	21	635	29
Gas	14	2562	259	13	1656	174	12	1257	118	14	1089	92	21	757	48	21	599	29	19	661	31
Gast	13	3334	344	16	1637	163	18	1347	112	20	909	69	26	764	45	19	554	28	21	644	29
Gebäude	NA	NA	NA	15	2233	226	20	1521	124	17	961	76	27	800	47	20	547	27	19	660	31
geben	NA	NA	NA	20	1704	160	19	1350	111	23	1022	74	28	763	44	18	610	31	19	660	31
Geburtstag	NA	NA	NA	18	1784	172	20	1209	98	20	870	66	27	718	42	21	560	27	21	658	30
Gefahr	18	3710	352	21	1906	176	21	1145	92	22	953	70	30	730	41	22	564	27	20	636	29
Gegend	NA	NA	NA	13	2547	268	12	1538	145	19	1266	97	26	863	51	22	563	27	20	693	32
Gegensatz	NA	NA	NA	14	2693	277	14	2001	180	18	1424	111	26	987	58	20	598	30	20	737	34
Gegenteil	NA	NA	NA	17	2660	260	19	1774	146	19	1182	91	26	971	57	21	624	31	21	707	32
Geheimnis	NA	NA	NA	18	2236	215	21	1535	123	18	1072	84	27	834	49	21	565	28	20	701	32
gehen	NA	NA	NA	20	1507	141	18	1096	92	21	892	67	25	725	43	20	545	27	20	630	29
Geist	16	2697	264	21	1704	158	17	1061	90	19	944	73	30	734	42	22	564	27	20	661	30
gelb	NA	NA	NA	23	1520	137	20	946	77	21	892	67	29	717	41	22	566	27	20	626	29
Geld	16	3008	294	22	1543	141	20	996	81	23	840	61	29	673	39	21	542	27	20	656	30
gelingen	NA	NA	NA	16	2661	265	17	1734	148	18	1285	101	22	895	55	20	609	30	20	737	34
gelten	NA	NA	NA	9	2521	293	10	1598	159	15	1480	122	26	958	57	20	654	32	21	778	35
gemein	NA	NA	NA	21	2279	211	20	1414	115	18	1040	81	27	879	51	21	573	28	20	746	34
Gemüse	20	3355	310	25	1619	143	19	1148	94	20	867	66	30	699	40	22	540	26	19	632	29
General	13	4126	425	22	2603	238	19	1958	161	21	1454	109	27	964	56	21	600	29	20	711	33
genießen	NA	NA	NA	14	2142	221	20	1537	125	17	1129	90	27	769	45	20	576	29	21	688	31
Gerät	11	3655	393	19	2003	190	18	1425	119	22	1050	77	29	753	43	22	544	26	19	643	30
Geschäft	13	3337	344	18	2060	198	21	1223	98	22	1113	82	29	830	47	22	550	27	20	649	30
geschehen	NA	NA	NA	17	2941	288	16	1904	165	19	1473	114	23	948	58	16	656	34	19	776	36
Geschenk	16	3914	383	17	2063	202	20	1329	108	19	909	70	26	757	45	19	545	27	21	660	30
Geschichte	NA	NA	NA	16	2076	206	18	1383	116	19	1176	91	26	777	46	21	529	26	20	697	32
Geschwister	NA	NA	NA	17	2691	263	19	1338	110	19	1127	87	27	790	46	21	558	27	19	697	32
Gesicht	18	3425	325	22	2044	187	20	1511	122	20	978	74	28	792	46	21	548	27	20	664	30
Gespenst	9	3936	446	22	2132	195	20	1217	99	22	1041	77	25	850	51	20	580	29	19	663	31
gesund	NA	NA	NA	18	1878	181	21	1122	90	19	997	77	27	752	44	20	582	29	21	641	29
gewinnen	NA	NA	NA	22	1929	176	20	1306	106	22	1028	76	30	755	43	21	578	28	20	682	31
Gewinner	19	3580	335	19	2160	205	19	1306	107	20	1083	82	27	768	45	21	546	27	21	676	31
gewöhnen	NA	NA	NA	17	2385	233	22	1632	128	16	1084	88	27	798	47	21	596	29	19	695	32
Gier	NA	NA	NA	5	2376	322	15	1512	134	13	1080	93	14	915	64	17	580	30	20	694	32
gießen	NA	NA	NA	16	1957	195	18	1482	124	19	1099	85	25	881	53	20	616	31	19	704	33
Gießkanne	NA	NA	NA	18	2620	252	22	1689	133	17	1246	99	26	898	53	21	646	32	21	702	32
Gift	18	2984	283	19	1703	162	19	1273	105	19	938	72	26	754	45	18	581	30	20	661	30
Giraffe	21	3510	320	18	1967	190	21	1227	98	18	940	74	24	837	51	20	605	30	20	719	33
glänzen	NA	NA	NA	14	2384	246	18	1387	116	18	1194	94	27	803	47	19	590	30	20	693	32
Glas	13	2670	275	20	1616	151	20	1094	89	19	845	65	28	667	39	20	545	27	20	637	29
glatt	NA	NA	NA	18	1719	166	21	1286	103	19	1062	82	26	799	47	20	602	30	21	688	31
glauben	NA	NA	NA	23	1982	179	22	1383	109	21	1056	79	28	784	45	19	575	29	20	664	30
Gletscher	NA	NA	NA	15	2672	270	11	2074	200	17	1425	113	23	908	56	19	693	35	19	731	34
Glocke	18	3113	295	20	1885	177	19	1256	103	19	945	73	30	737	42	21	559	27	20	660	30
Glück	14	2987	302	22	1430	131	23	1068	83	18	788	62	30	658	37	21	511	25	20	657	30
Gold	15	3004	299	20	1432	134	23	1009	79	20	817	62	30	716	41	21	532	26	20	657	30
Goldfisch	NA	NA	NA	21	2647	245	19	1583	130	21	1141	85	29	837	48	22	592	29	19	731	34
Grab	8	3328	388	23	1912	173	18	1294	108	17	1057	84	26	774	46	20	594	29	19	677	31
Grad	NA	NA	NA	9	2119	246	11	1240	120	7	1168	118	21	867	54	18	570	29	18	704	33
Gras	17	2781	268	24	1543	138	20	1033	84	20	902	69	27	752	44	21	535	26	19	673	31
grau	NA	NA	NA	17	1751	171	20	1147	93	21	970	73	26	692	41	21	566	28	21	644	29
greifen	NA	NA	NA	18	2049	197	22	1430	113	20	1111	84	27	810	47	18	604	31	20	732	34
groß	NA	NA	NA	22	1406	128	21	1097	88	18	877	69	29	740	42	22	548	27	18	680	32
Großmutter	NA	NA	NA	20	2407	225	21	1438	115	19	1019	79	28	795	46	21	583	29	21	677	31
Großvater	14	4672	472	21	2447	226	20	1287	104	20	1065	81	29	794	45	21	562	28	20	695	32
grün	NA	NA	NA	24	1487	133	15	1160	102	19	922	71	27	683	40	22	531	26	20	632	29
Grund	9	3551	402	19	1899	180	17	1250	106	21	985	74	31	794	45	21	535	26	19	677	31
Gruppe	16	3318	324	20	1731	162	19	1135	93	19	976	75	28	697	40	22	546	26	19	636	30
grüßen	NA	NA	NA	16	1962	195	19	1322	109	20	1006	76	27	809	47	20	579	29	20	640	29
gucken	NA	NA	NA	19	2144	204	15	1744	154	15	1143	94	24	826	50	21	590	29	20	704	32
Gurke	13	3259	336	18	1904	183	16	1229	106	19	1006	78	29	782	45	20	536	27	20	673	31
Gürtel	11	3560	383	17	2232	218	20	1485	121	20	1032	78	26	819	48	20	566	28	20	653	30
gut	NA	NA	NA	18	1237	119	18	1124	94	18	767	60	28	697	40	21	533	26	21	640	29
Haar	16	2857	279	20	1620	152	20	966	78	22	916	68	30	699	40	21	548	27	20	658	30
Hacke	14	3625	367	17	2027	198	15	1364	120	16	1190	96	26	873	52	16	620	33	18	702	33
Hafen	NA	NA	NA	10	2152	243	14	1139	102	18	984	77	25	774	46	18	628	32	18	669	32
Hahn	11	3452	371	17	1847	181	20	1175	95	21	1018	76	28	671	39	22	538	26	19	630	29
Hai	11	2832	305	18	1491	144	23	1158	90	18	937	73	28	739	43	19	588	30	20	675	31
Hälfte	16	4294	420	22	2540	232	18	1583	133	23	1412	103	24	901	54	21	624	31	20	735	34
Hals	17	3220	310	21	1501	139	19	1181	97	22	968	71	28	740	43	22	531	26	20	653	30
Halstuch	NA	NA	NA	19	2587	246	15	1868	165	21	1229	92	28	978	57	20	628	31	19	740	34
halten	NA	NA	NA	23	1816	164	20	1360	110	22	1010	75	27	802	47	20	570	28	21	677	31
Hammer	14	3209	325	19	1649	157	22	1135	90	22	971	72	25	758	45	21	556	27	21	685	31
Hamster	17	3473	334	19	1770	168	19	1314	108	17	921	73	27	734	43	20	570	28	20	713	33
Hand	15	2680	267	22	1600	146	21	1015	81	23	890	65	30	655	37	22	504	24	19	646	30
handeln	NA	NA	NA	17	2525	247	19	1586	130	19	1164	90	28	883	51	22	606	29	19	689	32
hängen	NA	NA	NA	18	1944	187	19	1332	110	18	1054	83	27	769	45	21	543	27	20	705	32
Hase	18	2462	234	20	1406	132	22	1034	82	21	893	67	26	694	41	21	553	27	21	656	30
hauen	NA	NA	NA	22	2308	211	20	1286	104	20	984	75	26	886	52	22	615	30	20	795	37
Haufen	16	3084	301	17	1953	191	17	1343	114	19	1135	87	27	850	50	18	583	30	21	670	30
Hauptstadt	NA	NA	NA	12	2491	268	17	1686	144	22	1150	85	27	827	48	20	578	29	20	716	33
Haus	18	2422	230	24	1303	116	18	948	79	19	871	67	29	684	39	22	521	25	20	632	29
Hausfrau	NA	NA	NA	16	2365	235	19	1664	137	18	1169	92	24	786	48	20	580	29	20	680	31
Haustür	14	3646	369	18	2545	245	19	1485	122	19	1118	86	27	842	49	21	609	30	20	716	33
Haut	18	2689	255	22	1542	141	20	1222	99	20	887	67	28	744	43	21	524	26	20	659	30
Hebel	NA	NA	NA	12	2453	264	19	1466	121	17	1340	107	21	870	55	20	600	30	19	728	34
heben	NA	NA	NA	18	2398	231	20	1317	107	18	1221	96	25	798	48	20	621	31	18	734	35
Hecke	17	3350	323	17	1861	182	16	1381	120	22	977	72	23	740	45	20	560	28	21	721	33
Heft	13	2661	274	20	1469	138	22	1059	84	21	944	71	26	745	44	20	577	29	18	690	33
heiraten	NA	NA	NA	17	2532	248	20	1444	117	20	1222	93	27	846	49	20	551	27	21	706	32
heiß	NA	NA	NA	19	1719	163	22	1149	90	17	942	75	27	703	41	20	551	27	21	685	31
heißen	NA	NA	NA	21	1939	179	21	1155	92	17	1105	88	26	765	45	20	574	28	20	736	34
heizen	NA	NA	NA	16	2091	208	16	1429	124	21	1137	85	27	866	51	20	572	28	20	683	31
Heizung	19	3395	318	18	1964	189	21	1307	104	21	1187	89	27	730	43	21	538	26	20	651	30
helfen	NA	NA	NA	18	1629	157	22	1149	90	19	1056	81	28	749	43	19	556	28	20	644	30
hell	NA	NA	NA	22	1498	137	18	1037	87	19	952	73	26	666	39	21	523	26	20	692	32
Hemd	14	3371	341	21	1516	140	22	1155	91	21	874	65	29	753	43	22	536	26	20	646	30
Herbst	17	3326	320	21	1562	144	20	1211	98	20	975	74	31	685	38	21	536	26	20	620	28
Herd	12	3206	337	20	2062	193	17	1244	106	18	989	77	26	814	48	22	544	26	20	642	29
Herr	20	2672	247	19	1311	125	18	1115	93	19	891	69	27	756	44	20	543	27	21	660	30
Herz	17	2613	252	20	1530	143	20	996	81	22	820	61	30	680	39	21	535	26	19	632	29
Heu	NA	NA	NA	20	1785	167	15	1243	110	20	1008	77	26	778	46	18	584	30	20	710	33
Hexe	13	2314	239	18	1414	136	20	1196	97	20	942	71	29	697	40	22	537	26	20	650	30
Hilfe	15	2889	287	19	1578	150	21	1156	93	20	861	65	28	689	40	20	573	28	20	681	31
Himmel	19	2890	270	26	1550	136	20	1069	87	18	936	73	29	682	39	21	572	28	19	682	32
Hitze	11	3260	351	17	2014	197	21	1177	94	20	1002	76	27	734	43	19	572	29	20	669	31
hoch	NA	NA	NA	21	1778	164	19	1217	100	16	887	72	28	753	44	17	609	31	19	684	32
Hof	10	2533	279	23	1372	124	19	1034	85	17	924	74	28	702	41	19	535	27	20	634	29
hoffen	NA	NA	NA	22	1999	183	20	1407	114	22	1030	76	27	795	46	22	564	27	20	657	30
Höhle	NA	NA	NA	15	1896	192	19	1266	104	20	1055	80	27	733	43	21	565	28	21	689	31
holen	NA	NA	NA	18	1672	161	18	1375	115	18	1040	81	26	773	46	19	606	30	21	680	31
Holz	19	2539	238	26	1474	129	22	1106	87	21	862	65	28	676	39	21	562	28	20	622	29
Honig	14	3028	306	19	1747	166	19	1058	87	21	894	67	26	721	43	20	546	27	20	656	30
hören	NA	NA	NA	24	1566	140	18	1079	90	17	945	75	26	709	42	22	553	27	18	675	32
Horn	17	3007	289	21	1724	159	18	1327	111	16	993	80	24	785	47	20	589	29	20	661	30
Hose	16	2338	229	22	1222	112	23	932	73	21	903	68	30	698	40	22	531	26	19	682	32
Hotel	NA	NA	NA	16	1742	173	19	1225	101	21	1000	75	26	702	41	21	568	28	21	669	30
hübsch	NA	NA	NA	19	2038	194	20	1635	133	21	1026	77	25	782	47	20	547	27	21	674	31
Huhn	13	3276	338	22	1768	162	20	1220	99	20	799	61	30	735	42	22	531	26	20	638	29
Hund	16	2386	233	20	1219	114	22	954	75	19	863	67	28	692	40	21	523	26	21	624	28
Hunger	12	3827	403	17	1663	163	19	1198	99	20	1017	77	28	698	40	21	546	27	20	666	31
hüpfen	NA	NA	NA	17	2021	198	18	1109	93	20	962	73	25	779	47	20	614	30	21	695	32
husten	NA	NA	NA	18	2036	196	20	1257	102	22	1140	84	28	846	49	22	600	29	20	715	33
Hut	16	2358	231	22	1372	125	21	976	78	15	848	70	30	737	42	21	568	28	20	628	29
Hütte	13	3289	339	20	2014	189	19	1219	100	19	1060	82	26	789	47	21	576	28	21	706	32
Idee	7	3190	385	17	1741	170	20	1150	93	21	971	73	27	706	41	20	566	28	20	679	31
Igel	15	2809	279	18	1473	142	20	1046	85	21	1002	75	28	754	44	20	569	28	19	686	32
Iglu	17	3128	301	17	1999	196	17	1517	129	13	1177	101	20	978	62	15	671	36	17	883	42
Indianer	NA	NA	NA	12	2392	257	19	1391	114	16	1131	92	26	869	51	21	602	29	21	689	31
Insel	13	3251	335	18	1789	172	21	1174	94	17	884	70	27	749	44	20	530	26	20	663	30
Interesse	NA	NA	NA	14	2490	257	19	1618	133	19	1234	95	28	922	53	21	589	29	20	716	33
irren	NA	NA	NA	18	2378	229	13	1545	142	12	1281	113	20	987	63	18	622	32	20	717	33
Jacke	11	3122	336	24	1603	143	21	1146	91	22	880	65	30	720	41	22	578	28	20	662	30
jagen	NA	NA	NA	17	2060	202	20	1506	122	21	1113	83	25	885	53	18	572	29	20	719	33
Jahr	15	2715	270	14	1389	143	20	1077	87	21	945	71	26	687	41	21	537	26	20	642	29
Jahrhundert	NA	NA	NA	12	3197	343	18	2008	168	19	1418	109	27	944	55	21	615	30	21	714	32
Januar	16	3647	357	18	1651	159	21	1187	95	21	970	73	27	758	44	19	556	28	21	679	31
jucken	NA	NA	NA	12	2572	276	13	1537	141	15	1295	107	16	988	67	16	606	32	16	714	35
Jugend	6	3990	500	19	2241	213	17	1465	124	19	1294	100	30	843	48	21	530	26	20	661	30
Juli	14	3268	331	22	1776	162	21	1361	109	20	921	70	29	732	42	19	546	27	20	651	30
Junge	16	2852	279	19	1559	148	16	949	82	17	881	70	27	706	41	21	537	26	21	643	29
Juni	14	3278	332	23	1459	132	21	1060	85	20	886	67	28	721	42	21	551	27	19	643	30
Juwel	NA	NA	NA	14	2226	229	12	1585	149	11	1244	112	14	957	67	13	596	33	20	749	34
Käfer	14	2475	250	21	1710	158	21	1042	83	20	957	73	27	699	41	21	578	28	19	660	31
Kaffee	15	3288	327	26	1884	165	19	1105	91	18	932	73	29	707	40	22	526	25	20	633	29
Kaiser	7	4245	512	19	2283	217	17	1332	113	18	1115	87	28	847	49	19	575	29	21	671	30
Kakao	NA	NA	NA	16	1864	185	18	1153	97	19	998	77	27	758	44	20	573	28	20	689	32
Kaktus	13	3578	369	18	2379	229	22	1578	125	19	1145	88	21	891	56	17	636	33	19	738	34
Kalender	13	4170	430	21	2193	203	20	1619	131	23	1152	84	29	753	43	22	583	28	20	651	30
kalt	NA	NA	NA	16	1471	146	21	1064	85	18	1022	80	27	790	46	19	572	29	21	652	30
Kamel	11	3283	353	17	1657	162	19	1557	128	13	1159	100	21	828	52	19	619	31	20	721	33
Kamm	14	2365	239	20	1679	157	18	1081	90	20	959	73	26	778	46	18	601	31	20	672	31
Kampf	NA	NA	NA	13	1798	189	21	1147	92	20	927	70	27	681	40	20	541	27	20	648	30
Kanal	12	3323	350	21	2125	197	16	1366	118	17	1176	94	29	763	44	21	562	28	20	638	29
Känguru	NA	NA	NA	17	2232	218	19	1473	121	17	1247	99	27	896	52	19	673	34	13	936	48
Kaninchen	14	3889	393	16	2131	212	20	1481	120	22	1199	88	28	859	50	19	603	30	21	719	33
Kantine	NA	NA	NA	10	2178	246	16	1673	145	16	1529	124	14	936	66	20	638	32	21	661	30
Kapitän	6	4577	573	21	2348	217	15	1496	132	20	1219	93	31	817	46	21	578	28	19	698	32
kaputt	NA	NA	NA	20	1832	172	21	1276	102	23	1025	75	26	773	46	22	574	28	20	689	32
Kapuze	13	3946	407	22	2702	247	16	1463	127	16	1265	102	25	905	54	21	590	29	20	710	33
Karte	16	3176	310	22	1981	181	19	1354	111	20	1026	78	29	765	44	21	590	29	20	660	30
Kartoffel	NA	NA	NA	23	2086	188	23	1285	100	21	1042	78	29	783	45	21	570	28	19	689	32
Käse	19	2583	242	20	1374	129	17	1045	89	17	848	68	28	669	39	21	542	27	19	636	30
Kasse	21	2851	260	21	1869	173	17	1107	94	20	945	72	30	732	41	21	537	26	20	628	29
Kastanie	NA	NA	NA	18	2520	243	19	1534	126	17	1275	101	21	910	57	20	602	30	20	669	31
Kasten	12	3260	343	19	1925	183	23	1421	110	18	1006	79	28	773	45	21	591	29	21	658	30
Kater	11	3085	332	21	1858	172	19	1293	107	21	1111	83	29	780	45	21	614	30	20	687	32
Katze	15	2930	291	23	1380	125	19	1074	88	19	937	72	30	668	38	21	522	26	20	645	30
kauen	NA	NA	NA	20	1833	172	18	1293	108	19	1041	80	27	868	51	20	626	31	20	678	31
kaufen	NA	NA	NA	23	1585	143	22	1145	90	20	915	70	29	688	39	22	514	25	20	670	31
kehren	NA	NA	NA	11	2432	268	17	1719	146	17	1294	103	22	940	58	19	666	33	21	718	33
Keks	18	3056	290	22	1681	154	18	1124	94	18	938	73	26	767	45	22	564	27	20	650	30
Keller	10	3113	343	16	1836	183	21	1177	94	20	993	75	29	764	44	22	548	27	20	651	30
kennen	NA	NA	NA	21	1758	163	18	1223	102	22	1047	77	29	738	42	20	546	27	19	689	32
Kerze	19	3147	294	15	1753	177	19	1332	110	20	906	69	27	742	43	20	564	28	21	659	30
Kette	NA	NA	NA	14	1637	169	17	1266	108	21	835	62	26	691	41	19	550	28	21	646	29
Kilometer	NA	NA	NA	19	2407	229	19	1682	139	16	1234	100	27	842	49	20	590	29	20	772	35
Kind	19	2382	223	18	1375	132	20	1019	83	22	818	60	28	661	38	20	511	25	20	644	30
Kindergarten	NA	NA	NA	20	2386	224	23	1455	113	19	1141	88	28	858	50	21	595	29	19	684	32
Kinn	9	2670	302	15	1865	189	16	1388	120	18	1053	82	28	787	45	20	612	30	19	676	31
Kino	12	2454	258	18	1463	141	20	1011	82	20	860	65	27	685	40	21	550	27	20	632	29
kippen	NA	NA	NA	15	2101	212	16	1522	132	22	1160	86	27	836	49	21	656	32	20	729	33
Kirche	13	3168	327	18	2066	199	21	1273	102	22	1003	74	28	729	42	21	564	28	21	626	28
Kissen	12	3014	317	17	1732	169	18	1147	96	18	959	75	24	763	46	20	586	29	19	691	32
Kiste	17	2892	278	22	1802	165	19	1315	108	23	945	69	31	803	45	21	540	26	19	645	30
kitzeln	NA	NA	NA	19	2431	231	16	1802	156	23	1408	103	27	889	52	20	667	33	20	785	36
klagen	NA	NA	NA	14	2561	264	15	1443	127	18	1131	89	23	831	51	19	593	30	21	691	31
klappen	NA	NA	NA	16	2166	215	21	1479	118	17	1059	84	25	776	46	20	606	30	20	778	36
Klasse	15	2812	279	21	1602	148	18	1086	91	19	966	74	29	713	41	22	533	26	20	646	30
klauen	NA	NA	NA	16	1771	176	20	1198	97	18	1051	82	27	726	42	20	587	29	20	699	32
kleben	NA	NA	NA	17	2076	203	17	1250	106	22	1041	77	26	796	47	21	584	29	21	686	31
Klee	10	3548	391	16	1629	162	20	1104	90	17	1025	82	23	758	46	18	576	29	20	678	31
Kleid	16	3089	302	16	1662	165	21	1112	89	21	871	65	27	720	42	21	543	27	21	658	30
klein	NA	NA	NA	19	1549	147	18	1212	101	20	892	68	26	719	42	19	564	28	20	652	30
klettern	NA	NA	NA	19	1928	183	20	1307	106	20	1075	82	26	784	46	21	574	28	19	733	34
klingeln	NA	NA	NA	17	2196	215	19	1579	130	21	1111	83	30	781	44	22	546	26	19	651	30
klingen	NA	NA	NA	21	2441	226	19	1538	127	18	1004	79	27	849	50	21	630	31	20	681	31
klopfen	NA	NA	NA	18	2172	209	18	1412	118	21	1014	76	28	800	46	21	589	29	21	674	31
klug	NA	NA	NA	20	1794	168	21	1115	89	21	1005	75	30	769	44	22	538	26	20	672	31
knallen	NA	NA	NA	15	2261	229	17	1575	134	20	1282	97	26	867	51	19	586	29	19	751	35
Knie	14	3556	360	18	1802	174	17	1276	108	19	962	74	28	765	44	21	594	29	21	662	30
Knochen	15	3550	353	18	2185	211	18	1458	122	20	1124	85	28	764	44	21	561	28	20	726	33
Knopf	17	3547	341	22	1718	157	21	1248	100	21	1020	76	28	752	43	21	530	26	20	665	31
Knoten	15	3592	357	19	2058	195	21	1418	113	21	1159	87	27	803	47	21	577	28	19	715	33
knurren	NA	NA	NA	17	2509	245	15	1577	139	17	1166	93	28	930	54	19	681	34	19	703	33
kochen	NA	NA	NA	14	1399	144	20	1205	98	22	850	63	24	714	43	21	597	29	21	652	30
Koffer	15	3198	318	19	1864	177	19	1146	94	23	1080	79	29	761	44	20	569	28	20	670	31
kommen	NA	NA	NA	24	1687	151	19	1199	99	17	926	74	30	729	41	21	563	28	20	662	30
Kompass	11	3468	373	19	2359	224	20	1300	105	22	956	71	26	822	49	21	591	29	20	693	32
König	14	2858	289	23	1484	134	21	1013	81	21	857	64	31	707	40	22	557	27	20	621	29
Konzert	16	3707	362	16	2115	210	18	1558	130	19	1115	86	25	814	49	20	561	28	21	690	31
Kopf	17	2463	237	18	1332	128	22	1062	84	18	904	71	27	718	42	21	526	26	21	625	28
Korn	17	2972	286	19	1657	157	22	1132	89	20	1027	78	27	759	44	20	571	28	20	681	31
Körper	12	3115	328	19	1720	163	22	1223	96	19	1002	77	24	689	42	21	527	26	21	640	29
kosten	NA	NA	NA	18	1863	179	17	1414	120	19	1073	83	29	843	48	21	548	27	20	680	31
Krach	12	3397	357	16	2038	203	20	1396	113	17	1061	84	24	836	51	20	563	28	21	650	29
Kraft	18	2976	282	21	1661	154	19	1160	95	20	1042	79	31	741	42	22	542	26	19	658	31
Kragen	NA	NA	NA	14	2327	240	18	1510	126	23	1163	85	27	950	55	19	620	31	20	676	31
Krähe	6	3530	442	17	1921	188	17	1554	132	23	1144	83	27	858	50	21	641	31	20	668	31
Kralle	19	3699	346	16	2066	205	17	1423	121	18	1210	95	24	882	53	19	623	31	20	709	33
krank	NA	NA	NA	22	2167	198	20	1267	103	23	924	67	30	703	40	22	527	25	20	656	30
Krankheit	NA	NA	NA	15	2321	235	22	1634	129	20	1098	83	28	745	43	21	565	28	21	691	31
kratzen	NA	NA	NA	18	2427	234	16	1538	133	17	1161	92	29	889	51	19	633	32	20	703	32
Krebs	14	3734	378	17	1948	191	20	1227	100	20	967	73	28	758	44	21	566	28	21	692	31
Kreide	14	3271	331	16	2306	229	21	1281	103	20	1063	81	25	790	47	20	568	28	19	663	31
Kreis	12	3202	337	18	1753	169	19	1258	104	22	1035	76	27	737	43	20	552	27	20	645	30
Kreisel	17	3765	362	22	2071	189	18	1491	124	22	1120	83	27	929	54	21	604	30	20	731	34
kriechen	NA	NA	NA	19	2514	239	20	1383	112	21	1114	83	31	865	49	22	628	30	20	726	33
Krieg	15	3700	368	19	2125	202	21	1345	108	18	964	75	27	745	44	21	542	27	21	642	29
kriegen	NA	NA	NA	16	2376	236	19	1670	138	22	1226	91	30	833	47	21	604	30	20	690	32
Krokodil	NA	NA	NA	22	2219	203	22	1538	121	18	1080	85	24	793	48	21	622	30	21	687	31
Krone	20	3380	312	22	1687	154	19	1151	95	20	1051	80	29	695	40	21	571	28	20	650	30
Kröte	16	3286	321	19	1815	172	18	1250	104	22	1073	79	27	748	44	20	583	29	20	665	31
krumm	NA	NA	NA	19	1783	169	18	1392	117	17	1111	88	23	778	48	20	584	29	20	734	34
Küche	16	2910	284	18	1680	162	19	1075	89	20	992	75	28	696	40	20	536	27	20	621	29
Kuchen	15	3050	303	20	1815	170	23	1137	89	19	906	70	26	701	41	20	527	26	19	657	31
Kugel	15	3406	338	22	2087	191	17	1325	113	20	965	73	28	694	40	21	547	27	20	639	29
Kuh	17	2688	259	16	1456	145	21	1096	88	22	814	60	27	695	41	20	539	27	21	684	31
kühl	NA	NA	NA	15	1622	164	20	1274	103	19	1031	79	27	733	43	21	563	28	21	686	31
Kunst	16	2941	287	22	1509	138	18	999	83	18	843	66	30	680	39	21	544	27	19	644	30
kurz	NA	NA	NA	22	1772	162	20	1142	93	22	962	71	26	786	46	22	533	26	19	649	30
lachen	NA	NA	NA	23	1763	159	18	1138	95	20	919	70	29	767	44	22	545	26	20	653	30
Lack	NA	NA	NA	14	1835	189	12	1416	133	16	1070	87	25	796	48	20	620	31	20	684	31
Lamm	13	2482	256	18	1733	167	16	1356	117	16	987	80	23	830	51	20	565	28	21	689	31
Lampe	13	2685	277	21	1683	156	20	1084	88	22	948	70	29	754	43	22	579	28	19	669	31
Land	14	2910	294	18	1591	153	20	1050	85	20	851	65	24	713	43	21	538	26	21	663	30
lang	NA	NA	NA	20	1679	157	20	1033	84	21	958	72	29	733	42	20	579	29	20	648	30
Lappen	15	3167	315	16	2031	202	16	1402	122	16	1096	89	22	875	54	17	619	32	21	731	33
lassen	NA	NA	NA	16	2099	209	18	1170	98	20	1006	76	26	786	46	20	558	28	19	663	31
Last	NA	NA	NA	10	1841	208	17	1425	121	14	1086	91	24	841	51	18	569	29	20	658	30
Laterne	NA	NA	NA	16	2344	233	17	1544	131	17	1277	102	28	964	56	21	638	31	20	698	32
Laub	NA	NA	NA	14	1970	203	21	1210	97	16	1033	84	26	726	43	21	579	28	20	665	31
laufen	NA	NA	NA	20	1440	135	21	1084	87	18	895	70	29	708	41	21	557	27	20	651	30
laut	NA	NA	NA	22	1386	127	19	1027	84	23	883	64	29	768	44	21	549	27	20	662	30
leben	NA	NA	NA	20	1419	133	21	983	78	21	1025	77	27	733	43	21	585	29	20	645	30
lecker	NA	NA	NA	18	1782	172	21	1153	92	17	925	74	24	722	44	21	561	27	20	668	31
leer	NA	NA	NA	17	1797	176	22	1243	98	20	872	66	26	782	46	19	568	29	20	664	30
legen	NA	NA	NA	22	2204	201	22	1308	103	19	1040	80	30	845	48	19	569	29	20	675	31
Lehrer	12	3315	349	23	2083	188	19	1373	113	21	1025	77	29	730	42	22	544	26	20	683	31
leicht	NA	NA	NA	22	1637	150	18	1134	95	19	998	77	31	735	41	22	560	27	19	663	31
leiden	NA	NA	NA	20	1890	177	17	1508	128	17	1022	81	29	795	46	21	572	28	20	680	31
leihen	NA	NA	NA	16	2558	254	15	1565	138	21	1104	83	30	806	46	21	622	30	20	662	30
Leine	18	3278	311	22	1864	170	18	1599	134	21	1066	80	23	787	48	19	616	31	20	701	32
leise	NA	NA	NA	20	1671	157	20	1113	90	19	1056	81	24	758	46	20	580	29	21	698	32
leisten	NA	NA	NA	20	2559	240	13	1629	150	19	1263	97	27	854	50	20	573	28	20	699	32
Leiter	20	2843	263	21	1748	162	22	1230	97	21	998	75	28	725	42	22	566	27	19	686	32
lernen	NA	NA	NA	21	1837	170	21	1293	103	20	978	74	30	744	42	22	562	27	20	671	31
lesen	NA	NA	NA	18	1678	162	19	1199	99	19	983	76	27	749	44	20	540	27	21	651	30
Leuchtturm	NA	NA	NA	23	2433	220	20	1713	139	23	1428	104	30	950	54	20	648	32	20	794	36
Leute	17	2820	271	17	1516	148	21	1188	95	19	886	68	28	765	44	19	555	28	20	636	29
Lexikon	NA	NA	NA	16	1989	198	20	1376	111	20	1090	83	27	801	47	20	642	32	19	702	33
Licht	15	2843	283	20	1492	140	22	1119	88	20	1012	77	25	696	42	19	564	28	21	642	29
lieb	NA	NA	NA	21	1775	164	19	1133	93	20	1080	82	29	814	47	22	530	26	20	702	32
lieben	NA	NA	NA	17	2181	213	19	1512	125	19	942	73	26	853	50	21	562	28	20	715	33
Lied	16	3038	297	13	1743	183	23	1066	83	19	984	76	26	727	43	21	568	28	21	697	32
liegen	NA	NA	NA	15	1781	180	23	1347	105	15	1102	91	27	782	46	19	560	28	21	698	32
Lippe	14	2890	292	22	1823	167	17	1323	112	19	947	73	28	750	43	20	612	30	20	664	30
Loch	19	2712	254	22	1570	143	19	1056	87	22	988	73	31	750	42	21	584	29	20	657	30
Löffel	12	3523	371	16	1460	145	20	1223	99	21	1017	76	25	757	45	21	571	28	20	674	31
Lohn	NA	NA	NA	11	1879	207	18	1326	111	18	1011	79	25	779	47	21	580	28	20	667	31
Lok	NA	NA	NA	9	1887	219	7	1511	166	9	1013	96	3	837	82	9	645	39	16	883	43
Löwe	14	2110	213	19	1455	138	21	913	73	15	872	72	27	670	39	20	535	27	20	640	29
Luft	16	2697	264	21	1501	139	19	987	81	22	873	64	28	712	41	19	565	28	20	658	30
lustig	NA	NA	NA	22	1878	172	21	1031	83	22	922	68	28	699	40	22	562	27	20	681	31
Mädchen	19	3195	299	19	1714	163	19	1226	101	19	887	68	25	681	41	21	576	28	21	656	30
Mai	11	2403	259	17	1351	132	19	1082	89	21	807	60	26	711	42	21	539	26	21	651	29
malen	NA	NA	NA	19	1592	151	20	1156	94	23	909	66	25	746	45	21	553	27	18	657	31
Mama	19	2361	221	18	1477	142	18	1010	84	19	910	70	25	687	41	21	556	27	21	644	29
Mann	17	2571	247	18	1564	151	21	1008	81	22	838	62	27	710	42	19	558	28	20	637	29
Männlein	12	4668	491	15	2454	248	13	1932	178	20	1441	109	25	964	58	19	639	32	20	734	34
Mantel	NA	NA	NA	17	2150	211	17	1337	114	19	1047	81	26	831	49	19	581	29	21	680	31
Märchen	12	3387	356	17	1893	185	21	1180	94	19	984	76	27	744	43	21	566	28	21	673	31
Margarine	NA	NA	NA	10	2801	316	15	1791	158	18	1462	114	22	931	58	21	658	32	20	693	32
Markt	14	3147	318	17	2136	209	21	1224	98	19	987	76	27	747	44	21	555	27	20	645	30
Marmelade	NA	NA	NA	16	2698	268	14	1539	138	17	1063	85	26	929	55	21	603	30	21	739	34
März	20	2561	237	22	1595	146	18	1076	90	21	927	69	29	706	40	22	529	26	20	661	30
Maschine	18	3766	357	20	2093	196	22	1302	103	21	1158	87	29	805	46	22	558	27	20	695	32
Masse	NA	NA	NA	6	2267	293	12	1326	125	17	1218	97	24	773	47	20	569	28	20	687	32
Material	NA	NA	NA	13	2760	290	20	1652	134	18	1205	94	28	878	51	21	577	28	21	717	32
Matratze	NA	NA	NA	17	2482	243	17	1982	168	15	1434	118	28	919	53	22	604	29	19	716	33
Mauer	16	3677	359	19	1665	158	18	1221	102	20	930	71	28	758	44	20	559	28	19	685	32
Maus	15	2098	209	21	1254	116	22	959	76	20	848	64	26	685	40	21	537	26	20	660	30
Meer	19	2229	209	16	1371	136	21	1007	81	20	844	64	25	662	40	19	559	28	21	670	30
Mehl	16	3061	299	21	1672	155	20	1162	94	20	872	66	29	687	39	21	556	27	20	620	28
meinen	NA	NA	NA	15	2393	242	20	1515	123	20	1290	98	27	800	47	21	606	30	21	714	32
Meise	10	3337	368	15	2011	203	17	1368	116	19	1094	84	23	805	49	16	612	32	20	680	31
Meister	11	3372	363	20	2059	193	20	1237	100	19	1009	78	27	836	49	20	579	29	19	635	30
melden	NA	NA	NA	24	2092	187	17	1451	123	19	1043	80	27	768	45	22	589	29	20	679	31
Menge	10	3323	366	16	2067	205	22	1345	106	18	985	77	26	810	48	20	567	28	20	644	30
Mensch	18	3097	294	23	1685	152	20	1097	89	23	954	70	29	729	42	22	518	25	20	652	30
merken	NA	NA	NA	19	1774	168	20	1248	101	18	1111	87	25	750	45	21	584	29	20	690	32
Merkmal	NA	NA	NA	17	2396	234	15	1685	149	17	1244	99	27	811	47	22	586	28	20	667	31
messen	NA	NA	NA	17	1932	189	19	1499	123	19	1117	86	29	873	50	21	615	30	19	700	33
Messer	16	3261	319	18	1614	155	19	1078	89	21	907	68	28	772	45	21	558	27	21	665	30
Meter	NA	NA	NA	13	2091	220	18	1337	112	20	1023	78	25	815	49	19	574	29	21	650	29
Metzger	NA	NA	NA	9	2398	278	16	1727	150	11	1333	120	19	1023	66	19	643	32	20	734	34
Milch	17	2281	220	19	1384	131	23	1024	80	18	889	70	28	679	39	20	543	27	20	662	30
Milliarde	NA	NA	NA	8	3682	442	6	1745	199	13	1516	130	19	1062	69	18	693	35	21	822	37
Million	8	4150	484	16	2398	238	20	1462	119	18	1353	106	29	842	48	20	591	29	20	749	34
Minister	NA	NA	NA	11	2708	298	12	1926	181	12	1301	114	25	988	59	20	624	31	20	715	33
Minute	13	3522	363	20	2010	188	22	1186	93	18	997	78	27	750	44	20	553	27	21	655	30
Mist	16	2806	274	17	1641	161	21	1142	91	19	1017	78	26	773	46	20	559	28	20	636	29
Mittag	16	3199	313	17	1556	152	23	1064	83	17	985	78	28	706	41	21	535	26	21	635	29
Mitte	17	2870	276	14	1834	189	21	1104	88	18	917	72	28	773	45	21	538	26	21	627	28
Mittwoch	NA	NA	NA	20	1553	146	21	1101	88	21	920	69	27	739	43	21	543	27	21	634	29
Mode	10	3612	398	19	1772	168	17	1308	111	20	1026	78	26	770	46	20	554	27	20	648	30
Moment	NA	NA	NA	17	2004	196	20	1382	112	19	974	75	25	797	48	20	564	28	21	652	30
Monat	18	3008	285	24	1863	166	21	1200	96	19	964	74	28	721	42	21	533	26	19	650	30
Mond	18	2868	272	23	1401	127	22	1103	87	19	868	67	29	697	40	22	520	25	20	631	29
Monitor	10	4424	488	18	2585	249	13	1571	145	13	1477	127	25	1020	61	21	608	30	19	740	34
Montag	18	3019	286	18	1454	140	20	1097	89	16	1014	82	28	704	41	21	549	27	21	639	29
Morgen	20	2925	270	20	1455	136	20	1120	91	18	844	66	27	666	39	21	541	27	19	658	31
Motor	11	3386	364	19	1821	173	20	1252	102	18	941	74	26	805	48	21	544	27	21	673	30
Möwe	15	3066	305	21	1752	162	18	1458	122	20	1077	82	30	860	49	21	555	27	20	649	30
Mücke	17	2900	279	21	1877	174	20	1283	104	20	986	75	29	757	43	20	576	29	20	638	29
müde	NA	NA	NA	18	1586	153	21	1101	88	20	920	70	26	740	44	21	530	26	20	655	30
Mühe	11	3540	381	19	2045	194	23	1394	108	20	943	72	27	816	48	20	552	27	20	645	30
Müll	9	3327	377	19	1601	152	20	1037	84	20	862	65	27	671	39	21	560	27	21	641	29
Mund	20	3091	285	22	1487	136	20	999	81	20	876	67	28	700	40	22	530	26	20	610	28
Musik	19	2689	252	23	1330	120	23	936	73	20	792	60	29	675	39	22	533	26	20	616	28
Musiker	18	3761	357	19	2299	218	19	1494	123	19	1190	92	26	834	49	21	572	28	20	701	32
Mut	NA	NA	NA	21	1365	126	20	1066	86	19	899	69	26	733	43	22	541	26	20	659	30
Mutter	17	2836	273	22	1372	125	23	1032	80	21	880	66	30	691	39	22	542	26	20	624	29
Mütze	12	2989	314	20	1555	146	19	1082	89	23	987	72	29	704	40	21	554	27	20	667	31
Nachbar	10	3986	439	20	2090	196	21	1309	105	16	953	77	27	733	43	21	590	29	20	653	30
Nachmittag	NA	NA	NA	21	2140	198	20	1586	128	19	970	75	27	754	44	21	564	28	21	673	31
Nacht	21	2697	246	20	1490	140	21	1023	82	22	861	64	28	714	41	21	549	27	21	608	28
Nachtisch	NA	NA	NA	21	2384	221	23	1716	134	18	1241	97	29	879	50	22	661	32	20	834	38
nackt	NA	NA	NA	13	2076	218	16	1427	124	19	1164	90	27	804	47	21	548	27	20	677	31
Nagel	17	2728	263	18	1824	176	21	1137	91	19	992	77	27	709	41	19	532	27	20	650	30
Name	22	2105	190	20	1316	123	20	1126	91	23	973	71	29	721	41	21	532	26	20	664	30
Nase	20	2315	214	21	1378	127	21	1047	84	21	895	67	28	676	39	21	544	27	20	657	30
nass	NA	NA	NA	16	1470	146	19	1183	98	20	953	72	24	798	48	17	572	30	21	702	32
Natur	14	3070	311	22	1638	150	22	1070	85	19	949	73	26	694	41	21	537	26	20	677	31
Nebel	12	3531	372	20	1761	165	22	1257	99	18	1005	79	29	763	44	21	562	28	20	685	31
nehmen	NA	NA	NA	17	1907	186	19	1281	105	18	1076	84	26	764	45	21	558	27	21	674	31
nennen	NA	NA	NA	18	2131	205	18	1304	109	15	1028	85	20	831	53	21	582	28	20	724	33
Nest	14	2197	222	20	1398	131	23	1048	82	20	886	67	29	740	42	19	569	29	20	665	31
nett	NA	NA	NA	21	1229	114	21	1017	81	18	890	70	25	701	42	20	541	27	21	702	32
neu	NA	NA	NA	20	1336	125	21	934	75	22	852	63	27	726	42	21	545	27	21	618	28
niedlich	NA	NA	NA	18	2385	230	17	1473	125	18	1205	94	25	838	50	20	604	30	19	723	34
normal	NA	NA	NA	17	1882	184	21	1231	99	19	884	68	26	711	42	21	569	28	21	639	29
Not	11	2410	259	23	1475	133	13	1098	101	14	913	77	23	804	49	21	526	26	19	668	31
Note	12	2841	299	20	1756	165	17	1163	99	20	918	70	29	769	44	21	555	27	20	671	31
November	NA	NA	NA	17	1761	172	20	1172	95	21	1065	80	26	752	44	21	566	28	21	646	29
Nummer	12	3242	341	18	1685	162	22	1151	91	20	950	72	25	703	42	19	565	28	21	663	30
Obst	14	2799	283	18	1332	128	21	1022	82	19	859	66	28	685	40	21	540	26	20	628	29
Obstbaum	NA	NA	NA	17	2763	270	17	1868	159	18	1293	101	26	839	50	20	632	31	21	739	34
Ofen	16	2411	236	21	1409	130	19	1153	95	16	1094	89	26	831	49	20	561	28	20	701	32
offen	NA	NA	NA	21	1580	146	19	1251	103	18	981	77	26	687	41	21	577	28	20	648	30
öffnen	NA	NA	NA	15	1978	200	21	1268	102	21	903	68	27	782	46	21	540	26	21	672	30
Ohr	11	2591	279	18	1521	147	18	1162	97	21	865	65	26	673	40	21	564	28	20	622	29
Oktober	NA	NA	NA	19	1804	171	20	1176	95	17	924	74	28	756	44	21	522	26	21	665	30
Olive	14	3275	331	23	1896	171	17	1615	138	19	1178	91	26	849	50	21	565	28	20	712	33
Oma	17	2307	222	19	1149	109	21	919	74	20	814	62	27	713	42	21	524	26	21	658	30
Onkel	11	3244	349	16	1737	173	20	1152	94	21	1003	75	27	737	43	21	565	28	21	636	29
Opa	18	2241	213	19	1355	129	21	1097	88	21	853	64	27	718	42	21	532	26	20	642	29
ordentlich	NA	NA	NA	22	2629	240	16	1605	139	20	1469	112	30	939	53	20	638	32	20	748	34
Ordnung	12	4324	455	23	2319	209	18	1297	108	19	1138	88	29	779	45	22	551	27	19	675	31
Ort	17	2560	246	22	1811	165	19	1181	97	17	863	69	27	754	44	21	537	26	20	665	31
Osten	4	3665	504	14	1810	186	13	1285	118	13	1164	100	24	827	50	21	584	29	20	703	32
Osterhase	NA	NA	NA	18	1940	187	22	1399	110	20	1192	91	28	892	52	21	616	30	21	741	34
packen	NA	NA	NA	18	2033	196	21	1160	93	20	1083	82	27	791	46	20	568	28	20	678	31
Paket	NA	NA	NA	19	2046	194	17	1431	122	16	1069	86	26	773	46	19	556	28	21	658	30
Panda	15	3806	378	14	2037	210	18	1376	115	14	1017	86	28	838	48	15	622	33	16	800	39
Pantoffel	NA	NA	NA	14	2667	275	19	1692	139	18	1263	99	23	1036	63	19	629	32	19	727	34
Papa	16	2491	243	25	1379	122	23	989	77	21	860	64	29	708	41	22	539	26	20	640	29
Papagei	NA	NA	NA	22	2146	196	21	1334	106	18	1155	90	28	826	48	20	645	32	20	689	32
Papier	16	3277	320	22	1715	157	23	1158	90	20	886	67	27	697	41	22	553	27	20	689	32
Pappe	NA	NA	NA	17	1846	181	22	1259	99	20	1069	81	24	832	50	21	582	29	19	667	31
passen	NA	NA	NA	17	1703	167	20	1202	98	20	1071	81	25	742	44	21	570	28	20	694	32
Pause	19	2323	217	23	1422	128	19	1067	88	19	842	65	29	682	39	22	523	25	20	651	30
Pech	12	3209	338	18	1787	172	21	1120	90	17	929	74	24	696	42	19	575	29	20	682	31
Pelikan	NA	NA	NA	18	2115	204	17	1546	132	19	1304	101	23	953	58	14	665	36	18	793	37
Person	10	3423	377	14	1871	193	21	1215	97	18	1045	82	27	773	45	21	551	27	20	652	30
Pfanne	16	3607	352	17	2206	216	21	1231	99	18	989	77	27	763	45	21	567	28	21	627	28
Pferd	15	2919	290	23	1609	145	18	966	81	20	810	62	30	697	40	22	542	26	20	619	28
pflanzen	NA	NA	NA	19	2020	192	20	1215	99	19	953	73	28	760	44	21	557	27	21	652	30
Pflaster	NA	NA	NA	20	2599	243	20	1529	124	23	1210	88	27	805	47	22	584	28	20	685	31
pflegen	NA	NA	NA	16	2381	237	19	1461	120	18	1059	83	28	831	48	21	554	27	20	669	31
pflücken	NA	NA	NA	17	2408	235	19	1296	106	21	1169	88	25	901	54	20	672	33	19	683	32
Pilz	16	2750	269	23	1835	166	21	1203	96	19	914	70	28	748	43	22	582	28	20	647	30
Pinguin	13	3694	381	18	1853	178	22	1351	107	19	982	76	28	776	45	21	621	30	19	767	36
Pinsel	20	3293	304	23	1853	167	18	1291	108	19	1016	78	30	728	41	21	609	30	20	679	31
Pirat	14	3143	318	18	1723	166	20	1111	90	20	970	74	24	761	46	20	557	28	21	667	30
Pistole	NA	NA	NA	19	2100	199	17	1422	121	21	1214	91	27	788	46	20	582	29	18	670	32
Plan	11	3036	327	22	1708	156	17	1294	110	21	1000	75	27	727	42	19	542	27	20	691	32
Planet	11	4188	451	19	2043	194	20	1384	112	18	1004	79	27	788	46	20	562	28	20	697	32
Platz	20	3367	311	18	1607	155	23	1278	99	18	891	70	27	730	43	21	539	26	20	638	29
Polizist	NA	NA	NA	22	2392	219	17	1276	108	19	1131	87	30	823	47	22	615	30	18	689	32
Pony	13	3214	331	20	1370	128	20	1041	85	18	931	73	26	737	44	19	590	30	19	705	33
Post	14	2106	213	21	1297	120	20	1059	86	22	1063	78	29	702	40	19	556	28	20	646	30
Postfach	NA	NA	NA	16	2716	270	14	1440	130	21	1173	88	26	840	50	21	593	29	21	696	32
praktisch	NA	NA	NA	17	2464	241	19	1649	136	17	1313	105	26	939	55	20	639	32	21	711	32
Präsident	NA	NA	NA	16	2888	287	17	1719	146	15	1195	99	28	871	50	21	587	29	20	695	32
Prediger	NA	NA	NA	4	1912	274	5	1874	225	4	1467	169	13	1095	79	17	632	33	20	724	33
Preis	12	2964	312	18	1711	165	21	1224	98	19	1092	84	28	721	42	21	548	27	20	626	29
Prinz	13	3047	314	19	1610	153	22	1207	95	19	952	73	27	772	45	21	557	27	19	654	30
probieren	NA	NA	NA	20	2151	202	19	1535	127	23	1118	81	30	817	46	21	617	30	20	731	34
Problem	NA	NA	NA	15	2202	223	19	1395	115	18	1019	80	27	768	45	21	555	27	20	679	31
Professor	NA	NA	NA	19	2529	240	19	1539	126	21	1262	94	27	865	51	22	614	30	20	690	32
Programm	NA	NA	NA	16	2276	226	22	1337	106	21	1003	75	26	776	46	21	565	28	20	673	31
Publikum	NA	NA	NA	13	2659	279	19	1731	143	16	1164	94	27	867	51	21	626	31	20	709	33
Punkt	15	3507	348	23	1792	162	19	1192	98	20	989	75	30	787	45	20	556	28	20	667	31
Puppe	18	2919	277	22	1675	153	19	1131	93	19	994	77	29	724	41	20	535	27	19	672	31
pusten	NA	NA	NA	15	2223	225	18	1350	113	17	1080	86	25	790	47	19	587	30	20	753	35
putzen	NA	NA	NA	16	1908	190	18	1239	104	20	1023	78	28	750	43	21	578	28	20	685	31
Quadrat	NA	NA	NA	21	2145	198	20	1581	128	19	1304	101	25	918	55	21	619	30	20	752	35
Qualm	12	3378	355	15	2291	232	14	1801	162	17	1327	106	21	889	56	19	641	32	19	728	34
Quark	13	3471	358	22	2046	187	15	1322	117	19	1065	82	27	792	46	21	549	27	20	735	34
Quatsch	17	4065	391	21	2189	202	18	1530	128	18	1221	96	28	856	49	21	577	28	20	710	33
Rad	16	2639	258	23	1289	116	23	1037	81	18	803	63	29	745	43	22	530	26	20	664	30
Radio	16	3602	352	22	1720	157	21	1134	90	21	868	65	30	707	40	22	569	28	20	644	30
Rakete	14	3557	360	19	2077	197	16	1470	127	19	1243	96	26	901	53	21	594	29	20	696	32
Rand	17	3057	294	16	1652	164	17	1276	109	20	931	71	28	808	47	19	575	29	20	673	31
Ranzen	19	3273	306	20	1942	182	18	1416	119	15	1319	109	18	865	57	16	743	39	19	742	35
rasch	NA	NA	NA	11	1945	214	11	1300	126	12	1184	104	20	897	57	19	607	31	20	687	32
Rasen	13	2901	299	19	1777	169	16	1308	113	20	1238	94	29	821	47	21	621	30	20	687	32
Rat	20	2376	219	14	1449	149	15	1122	99	11	1209	109	20	873	56	19	612	31	21	672	30
raten	NA	NA	NA	16	1680	167	19	1390	115	19	1048	81	21	910	57	21	581	28	20	701	32
Ratte	16	3106	304	22	1820	166	20	1290	105	17	936	74	27	731	43	21	549	27	18	653	31
Raum	20	2606	241	20	1454	136	18	1182	99	17	968	77	27	727	43	20	555	28	21	608	28
Raupe	11	2761	297	17	1797	176	22	1181	93	19	991	76	26	784	46	18	575	29	21	688	31
rechnen	NA	NA	NA	15	1937	196	20	1230	100	20	970	74	28	772	45	20	551	27	21	705	32
reden	NA	NA	NA	17	1764	173	21	1112	89	18	937	73	27	718	42	20	535	27	19	644	30
Regal	15	3025	301	21	1942	180	22	1263	100	20	989	75	30	829	47	21	533	26	20	674	31
Regen	15	3207	319	20	1453	136	20	1071	87	18	879	69	28	713	41	20	567	28	21	644	29
Reh	18	2649	251	20	1493	140	22	1027	81	17	903	72	28	749	43	20	565	28	20	646	30
reich	NA	NA	NA	18	1964	189	19	1203	99	21	982	73	28	752	43	20	581	29	21	650	29
Reihe	17	3459	333	20	1862	174	22	1326	104	17	1128	90	26	833	49	19	547	28	21	644	29
Reis	16	2522	247	16	1587	158	22	1006	79	20	893	68	29	731	42	22	514	25	20	673	31
Reise	20	3453	319	17	1605	157	19	1235	101	18	1115	87	28	697	40	20	540	27	20	658	30
retten	NA	NA	NA	21	1939	179	20	1169	95	23	1130	82	29	763	44	21	577	28	20	665	31
richtig	NA	NA	NA	23	1744	158	21	1213	97	21	1004	75	27	677	40	22	531	26	19	657	31
riechen	NA	NA	NA	17	1993	195	20	1426	116	19	1192	92	25	799	48	20	599	30	20	761	35
Riese	NA	NA	NA	15	1680	170	20	1197	97	20	1061	81	27	827	48	20	606	30	20	650	30
Ring	15	2589	257	21	1656	153	19	1100	91	20	876	66	24	706	43	20	554	27	21	632	29
Ritter	18	2772	263	23	1482	134	20	1028	83	20	900	68	31	750	42	20	557	28	20	667	31
Ritual	NA	NA	NA	12	2626	282	10	1705	169	7	1371	139	16	985	67	21	618	30	19	730	34
Robbe	12	3565	375	15	1874	189	15	1274	112	17	1172	93	26	878	52	17	613	32	21	724	33
Rock	11	2554	275	19	1431	136	14	1287	116	20	1018	77	29	714	41	21	579	28	20	647	30
rollen	NA	NA	NA	25	1840	163	18	1259	105	22	1082	80	29	806	46	21	594	29	20	685	31
Rose	12	2284	240	21	1435	133	17	1164	99	22	943	70	29	731	42	22	571	28	20	643	30
rot	NA	NA	NA	18	1257	121	22	1046	83	21	848	64	28	673	39	19	548	28	20	697	32
Rücken	20	2995	277	20	1916	180	21	1318	106	19	985	76	28	748	43	21	552	27	19	648	30
Rücksicht	NA	NA	NA	21	2825	261	19	1966	162	23	1279	93	29	857	49	21	600	29	19	687	32
rufen	NA	NA	NA	21	1605	148	21	1233	99	21	908	68	27	780	46	21	565	28	18	680	32
Ruhe	12	3369	355	21	1620	150	20	1152	94	22	970	72	27	708	41	19	528	27	20	644	30
ruhig	NA	NA	NA	19	2047	194	17	1237	105	23	972	71	30	805	46	22	564	27	20	658	30
rühren	NA	NA	NA	19	2410	229	19	1917	157	19	1106	85	26	927	55	21	593	29	20	709	33
Rum	NA	NA	NA	4	2010	288	9	1298	133	6	982	103	8	942	76	16	596	31	18	707	33
rund	NA	NA	NA	19	1755	167	18	1247	104	18	960	75	29	739	42	19	592	30	20	717	33
rutschen	NA	NA	NA	17	2102	206	18	1341	112	17	1137	91	27	815	48	19	638	32	20	721	33
Sache	12	3169	333	22	1808	165	22	1326	105	21	991	74	28	779	45	21	541	27	20	632	29
Sack	13	2349	242	18	1574	152	20	1207	98	20	924	70	26	788	47	19	569	29	20	668	31
Saft	16	2575	252	19	1612	153	20	1119	91	20	935	71	28	785	45	20	539	27	21	676	31
sagen	NA	NA	NA	18	1610	155	20	1102	89	21	918	69	28	717	41	21	590	29	20	700	32
Salat	20	3307	306	21	1750	162	19	1171	96	20	958	73	30	726	41	20	550	27	20	689	32
Salz	NA	NA	NA	21	1871	173	18	1109	93	23	1024	75	30	657	37	22	519	25	20	668	31
Samen	NA	NA	NA	11	1904	209	10	1401	139	11	1108	100	20	799	51	17	624	32	20	700	32
sammeln	NA	NA	NA	18	2016	194	19	1482	122	20	1179	90	28	804	47	21	555	27	20	713	33
Samstag	16	3634	355	20	1803	169	19	1250	103	22	972	72	29	723	41	22	526	25	20	701	32
Sand	19	2417	226	21	1516	140	22	1044	82	18	873	68	30	760	43	21	553	27	20	653	30
satt	NA	NA	NA	17	1880	184	14	1301	117	17	1025	82	18	901	59	20	560	28	19	697	32
Satz	12	3555	374	20	2288	214	18	1326	111	21	1012	76	30	841	48	20	575	29	20	685	31
Sau	7	2672	322	14	1762	182	15	1281	113	12	1169	103	17	869	58	21	577	28	21	675	31
sauber	NA	NA	NA	19	1957	186	15	1416	125	18	1137	89	28	746	43	22	551	27	20	661	30
Schachtel	17	3821	368	19	2794	265	16	1604	139	17	1285	102	26	952	56	19	604	30	21	703	32
Schaf	16	2864	280	26	1661	145	22	1062	84	21	1049	79	25	785	47	21	579	28	20	652	30
schaffen	NA	NA	NA	24	2186	195	15	1366	120	18	1168	91	28	829	48	20	551	27	20	694	32
Schal	NA	NA	NA	16	1593	158	17	1204	102	16	1074	87	24	928	56	21	586	29	20	685	31
scharf	NA	NA	NA	20	2141	201	22	1346	106	19	1167	90	29	782	45	21	602	29	20	702	32
Schatten	15	3200	318	20	1992	187	17	1213	103	17	1147	91	26	853	50	21	624	31	18	678	32
Schatz	18	3112	295	21	1770	164	22	1238	98	21	876	66	26	666	39	20	543	27	20	654	30
schauen	NA	NA	NA	22	1960	179	21	1306	105	21	958	72	30	795	45	19	556	28	19	705	33
Schaufel	14	3092	313	23	1883	170	22	1356	107	21	1013	76	26	745	44	18	588	30	20	691	32
Schaukel	19	3126	293	21	1949	180	21	1326	106	22	1078	80	29	845	48	21	566	28	19	668	31
Schaum	13	2927	302	20	1934	181	23	1260	98	20	1140	87	27	790	46	22	618	30	20	663	30
Scheibe	19	3334	312	17	2204	216	22	1378	109	21	1217	91	26	828	49	21	559	27	21	700	32
schenken	NA	NA	NA	20	2111	198	21	1436	115	23	1014	74	31	853	48	22	593	29	20	680	31
Schere	15	3375	336	19	1685	160	20	1277	104	21	1005	75	30	774	44	21	625	31	20	737	34
schicken	NA	NA	NA	15	2282	231	19	1672	137	18	1073	84	25	784	47	21	542	27	21	737	33
schieben	NA	NA	NA	17	2182	213	21	1268	101	19	1125	87	26	817	48	21	568	28	19	714	33
schief	NA	NA	NA	15	2021	204	20	1240	101	17	1092	87	25	851	51	18	581	30	18	737	35
Schiff	NA	NA	NA	18	1337	129	19	1041	86	19	950	73	27	816	48	20	572	28	21	674	31
Schild	15	3041	302	22	1768	162	22	1253	99	21	980	73	29	778	45	20	544	27	20	644	30
Schimmel	16	3746	366	21	2022	187	13	1449	133	16	1269	103	29	825	47	22	619	30	20	704	32
schimpfen	NA	NA	NA	17	1901	186	20	1494	121	22	1157	86	27	868	51	20	563	28	21	674	31
schlachten	NA	NA	NA	15	2586	262	18	1726	145	19	1401	108	26	879	52	20	565	28	19	744	35
schlafen	NA	NA	NA	21	1753	162	23	1175	92	19	1009	78	30	767	43	22	546	26	19	650	30
schlagen	NA	NA	NA	20	1904	178	20	1347	109	21	1066	80	27	734	43	21	561	27	21	696	32
Schlange	16	3521	344	20	1954	183	22	1267	100	18	1106	87	27	775	45	20	561	28	20	654	30
schlank	NA	NA	NA	15	2187	221	12	1483	140	18	1195	93	27	760	44	20	578	29	21	670	30
schlau	NA	NA	NA	25	1656	146	18	1209	101	20	935	71	29	783	45	20	573	28	20	664	30
schlecht	NA	NA	NA	24	2034	182	19	1406	116	21	1101	82	31	734	41	22	543	26	19	685	32
Schleife	18	3105	295	18	2064	199	21	1448	116	17	1077	86	28	803	46	21	560	27	21	660	30
schleppen	NA	NA	NA	18	1968	190	19	1369	112	20	1249	95	28	829	48	19	582	29	21	711	32
schleudern	NA	NA	NA	19	2681	255	16	1636	141	21	1249	93	30	922	52	21	613	30	20	699	32
schließen	NA	NA	NA	17	1818	178	21	1360	109	19	1116	86	26	813	48	21	596	29	20	714	33
schlimm	NA	NA	NA	20	1870	175	18	1353	113	19	1117	86	27	792	46	19	608	31	19	704	33
Schlitten	20	3459	319	20	2107	197	18	1478	124	21	1341	100	28	918	53	20	645	32	20	814	37
Schloss	17	2932	282	26	1545	135	22	1079	85	21	962	72	28	784	45	22	513	25	20	660	30
Schlosser	NA	NA	NA	10	2135	241	13	1518	140	12	1088	96	22	841	52	21	604	30	20	664	30
schlucken	NA	NA	NA	20	2235	209	22	1463	116	21	1090	82	28	811	47	22	583	28	20	725	33
Schluss	16	3225	315	21	1946	180	20	1276	104	22	1030	76	26	752	44	21	554	27	19	651	30
Schlüssel	20	3732	345	22	1999	183	21	1145	92	19	1062	82	29	762	44	21	557	27	20	687	32
schmecken	NA	NA	NA	18	1851	178	18	1280	107	18	1120	88	27	776	45	21	577	28	21	711	32
schmelzen	NA	NA	NA	16	2188	217	19	1505	124	17	981	78	28	818	47	21	579	28	19	695	32
schmücken	NA	NA	NA	15	2262	229	21	1408	113	18	1133	89	27	779	46	21	578	28	21	680	31
schmutzig	NA	NA	NA	20	2052	192	20	1468	119	23	1109	81	30	788	45	19	602	30	20	732	34
Schnabel	15	3328	331	19	2212	210	21	1428	114	19	1070	82	27	846	49	21	562	28	20	676	31
Schnecke	18	3166	300	23	2001	181	17	1562	133	18	1020	80	29	784	45	22	579	28	20	680	31
Schnee	17	2591	249	24	1398	125	19	1100	90	20	904	69	30	703	40	22	534	26	20	685	31
schneiden	NA	NA	NA	19	2004	190	20	1286	104	20	1038	79	26	771	46	21	565	28	20	675	31
schnell	NA	NA	NA	22	1685	154	19	1107	91	22	988	73	29	729	42	22	547	26	20	620	28
Schnur	17	3223	310	14	1830	189	14	1369	123	22	1118	82	24	927	56	20	601	30	20	681	31
Schokolade	NA	NA	NA	21	2008	186	21	1174	94	22	1004	74	28	737	43	21	560	27	21	667	30
schön	NA	NA	NA	23	1385	125	20	1012	82	23	950	69	30	728	41	21	530	26	20	654	30
Schrank	15	3013	299	20	1799	169	22	1194	94	20	981	75	27	747	44	21	554	27	19	644	30
Schraube	18	3524	334	17	2149	210	21	1452	116	18	1182	93	26	861	51	20	561	28	21	652	30
schreiben	NA	NA	NA	19	1882	179	21	1394	111	19	911	70	28	759	44	19	566	28	20	665	31
schreien	NA	NA	NA	21	2035	188	17	1369	116	21	1079	81	30	822	47	22	620	30	20	687	32
Schrift	19	2895	271	19	2018	192	18	1467	123	23	1181	86	29	762	44	20	604	30	19	656	30
Schritt	14	3458	350	17	1841	180	17	1292	110	17	1132	90	25	800	48	21	584	29	20	679	31
Schuh	18	2618	248	24	1737	155	20	1120	91	20	933	71	29	761	44	22	543	26	20	660	30
Schule	17	2377	229	22	1543	141	21	1136	91	20	871	66	30	676	38	18	581	30	19	660	31
Schüler	20	3122	288	25	1946	172	22	1355	107	20	948	72	30	742	42	21	560	27	19	643	30
Schulter	16	3936	385	16	2135	212	20	1484	121	21	1078	81	26	830	49	21	569	28	21	694	31
schütteln	NA	NA	NA	18	2228	215	19	1529	126	17	1097	87	28	822	48	21	569	28	19	695	32
Schutz	13	2908	300	19	2001	190	21	1232	98	19	1019	79	27	753	44	21	602	29	21	685	31
schützen	NA	NA	NA	18	2331	225	20	1411	114	18	1062	83	25	720	43	21	613	30	21	656	30
schwach	NA	NA	NA	20	1710	160	22	1232	97	20	1044	79	28	803	46	21	565	28	20	664	30
Schwalbe	10	3861	426	14	2390	246	19	1567	129	17	1246	99	25	799	48	21	593	29	21	665	30
Schwanz	17	3065	295	19	2003	190	21	1312	105	20	1023	78	27	766	45	22	585	28	19	664	31
schwarz	NA	NA	NA	18	1625	157	18	1251	104	21	953	71	28	788	46	20	591	29	21	651	30
schweigen	NA	NA	NA	19	2443	232	19	1424	117	19	1196	92	25	841	50	20	569	28	21	679	31
Schwein	17	2673	257	24	1822	163	20	1249	101	20	1029	78	30	732	41	21	535	26	20	655	30
schwer	NA	NA	NA	20	1606	151	19	1235	102	19	946	73	27	746	44	20	577	29	21	675	31
Schwester	18	3672	348	20	1982	186	18	1334	112	22	1025	76	28	773	45	22	549	27	20	650	30
schwierig	NA	NA	NA	19	2726	259	21	1575	126	19	1154	89	28	886	51	21	565	28	19	707	33
schwimmen	NA	NA	NA	23	1754	158	19	1173	96	20	883	67	30	718	41	22	561	27	19	656	31
Schwimmer	15	3444	342	16	2007	199	19	1249	103	22	1005	74	27	769	45	21	557	27	20	674	31
schwitzen	NA	NA	NA	18	1947	188	19	1353	112	20	1072	81	27	877	51	20	588	29	20	673	31
See	17	1999	192	21	1041	96	19	1040	85	19	816	63	26	723	43	20	541	27	20	675	31
Segelboot	NA	NA	NA	15	2160	219	19	1559	128	18	1294	101	22	986	61	20	672	33	20	741	34
sehen	NA	NA	NA	22	1601	146	20	1025	83	22	956	71	30	742	42	20	521	26	20	675	31
Seife	19	2983	279	24	1652	148	21	1268	102	22	979	72	29	754	43	21	562	28	19	656	30
Seite	16	2899	283	18	1731	167	19	1186	98	21	913	68	27	758	44	19	564	28	21	657	30
selten	NA	NA	NA	20	2056	193	19	1439	118	17	1106	88	25	832	50	20	598	30	19	709	33
senden	NA	NA	NA	16	1895	188	21	1226	98	19	1072	83	26	764	45	20	591	29	21	701	32
sensibel	NA	NA	NA	11	2768	304	14	1730	156	14	1371	115	15	1105	76	20	628	31	21	827	37
September	NA	NA	NA	17	2108	206	20	1234	100	18	1027	80	28	753	44	21	554	27	20	653	30
Sessel	12	3563	375	17	1914	187	14	1393	126	21	1102	82	25	797	48	21	623	31	18	706	33
setzen	NA	NA	NA	17	2385	233	20	1396	113	20	1029	78	27	786	46	21	604	30	20	676	31
siegen	NA	NA	NA	15	2130	215	18	1399	117	18	1148	90	26	867	51	18	637	32	19	764	36
singen	NA	NA	NA	19	1782	169	22	1031	81	20	951	72	26	666	39	19	555	28	20	670	31
sinken	NA	NA	NA	19	2680	254	15	1613	142	16	1328	107	29	827	47	18	646	33	18	761	36
Sinn	NA	NA	NA	10	1894	214	16	1475	128	15	1135	94	22	740	46	19	552	28	21	678	31
sitzen	NA	NA	NA	16	1717	171	20	1371	111	20	973	74	27	743	43	21	574	28	20	700	32
Skorpion	NA	NA	NA	13	3301	347	12	1878	177	15	1236	102	22	927	57	20	608	30	17	721	34
Sofa	16	2486	243	23	1783	161	17	1069	91	20	939	71	30	696	39	22	544	26	20	661	30
Sohn	NA	NA	NA	16	1754	174	19	1073	88	22	933	69	29	714	41	21	553	27	20	651	30
Sommer	19	2632	246	24	1361	122	20	951	77	19	876	68	29	662	38	21	527	26	20	665	31
Sonnabend	NA	NA	NA	13	2301	242	16	1809	157	16	1224	99	27	818	48	19	632	32	20	703	32
Sonne	21	2043	186	24	1354	121	19	979	80	19	831	64	30	693	39	22	527	26	20	642	29
Sonntag	17	3294	317	18	1693	163	22	1015	80	21	892	67	27	727	42	21	540	26	21	659	30
sorgen	NA	NA	NA	18	1738	167	21	1271	102	21	1037	78	27	805	47	18	573	29	21	660	30
Soße	15	3137	312	17	1887	185	21	1202	96	19	1226	95	26	821	49	21	591	29	18	725	34
sparen	NA	NA	NA	14	2109	217	18	1361	114	19	1119	86	28	755	44	22	622	30	20	678	31
Spaß	14	2388	241	19	1300	123	21	983	78	21	859	64	28	672	39	21	538	26	20	661	30
spät	NA	NA	NA	22	1670	153	21	1148	92	19	998	77	29	755	43	20	513	25	20	649	30
Spiegel	19	3151	295	18	1763	170	20	1291	105	20	1005	76	28	771	45	21	532	26	20	656	30
Spiel	17	2600	250	24	1404	125	22	1019	80	18	901	71	28	676	39	21	551	27	20	677	31
spielen	NA	NA	NA	22	1555	142	18	1121	94	19	936	72	29	727	42	21	519	25	20	646	30
Spinne	16	3090	302	25	1756	155	19	1289	106	19	903	70	29	718	41	22	578	28	20	659	30
spitz	NA	NA	NA	14	1693	174	20	1401	114	21	911	68	25	817	49	21	634	31	21	720	33
Sport	16	2773	271	25	1445	128	19	1054	87	20	812	62	30	686	39	21	546	27	20	643	30
Sprache	16	3442	336	18	1931	186	20	1306	106	21	927	69	27	736	43	21	530	26	20	630	29
sprechen	NA	NA	NA	19	1783	169	19	1231	101	17	936	75	28	770	45	19	542	27	20	675	31
springen	NA	NA	NA	19	1638	156	19	1228	101	19	966	75	27	746	44	21	555	27	21	659	30
spritzen	NA	NA	NA	21	2626	243	16	1696	147	16	1235	100	28	882	51	19	590	30	18	735	35
Stadt	9	3837	435	19	2292	218	20	1200	97	20	941	71	30	696	39	21	551	27	20	670	31
Städtchen	NA	NA	NA	7	2709	336	15	2090	185	15	1457	120	24	899	54	22	628	30	19	730	34
Stall	16	2866	280	16	1738	173	18	1237	104	21	1082	81	26	751	44	21	554	27	21	668	30
Stamm	19	2809	263	20	1710	160	19	1230	101	22	1057	78	30	792	45	18	563	29	20	690	32
Stand	11	3340	359	20	2040	191	18	1280	107	20	1118	85	28	744	43	18	550	28	19	747	35
Standpunkt	NA	NA	NA	11	2786	306	19	1753	145	20	1436	109	24	1015	61	21	605	30	21	673	31
Stange	12	3373	355	19	2004	190	21	1463	117	18	1146	90	28	911	53	22	593	29	20	687	32
Stapel	13	3204	330	16	2500	249	15	1776	157	15	1233	102	27	904	53	21	595	29	20	693	32
stark	NA	NA	NA	24	1680	150	20	1255	102	19	998	77	29	684	39	22	535	26	18	663	31
Start	17	2680	258	17	1898	186	19	1073	89	19	954	74	27	765	45	21	567	28	21	659	30
stechen	NA	NA	NA	18	2501	241	14	1562	141	19	1312	101	28	965	56	19	628	32	19	695	32
stehen	NA	NA	NA	17	1699	166	21	1231	99	17	979	78	28	768	44	20	558	28	20	671	31
steigen	NA	NA	NA	17	2108	206	18	1538	128	16	1026	83	25	691	41	20	574	28	20	674	31
Stein	13	2600	268	20	1632	153	23	1013	79	21	886	66	29	712	41	20	534	27	19	631	29
Stelle	14	2866	290	19	1780	169	19	1454	120	18	978	77	28	791	46	21	563	28	20	657	30
stellen	NA	NA	NA	18	1889	182	21	1398	112	17	1083	86	26	736	43	21	556	27	20	658	30
sterben	NA	NA	NA	17	2346	230	20	1403	114	19	1003	77	28	727	42	21	541	27	21	663	30
Stern	18	2984	283	17	1700	166	20	1049	85	19	860	66	27	730	43	21	556	27	21	641	29
Stiefel	16	3387	331	17	2133	209	18	1508	126	19	1049	81	26	786	46	20	572	28	20	684	31
Stift	15	3240	322	19	1739	165	21	1151	92	21	1036	78	25	772	46	21	574	28	21	707	32
still	NA	NA	NA	18	1701	164	18	1154	96	19	969	75	26	807	48	19	531	27	19	638	30
Stimme	9	2796	317	18	1802	174	21	1161	93	20	862	65	28	726	42	21	549	27	20	637	29
Stirn	NA	NA	NA	15	1928	195	19	1254	103	18	1107	87	26	788	47	20	581	29	20	648	30
Stock	15	3284	326	23	1655	149	21	1259	101	17	962	77	29	734	42	22	592	29	19	665	31
Stoff	NA	NA	NA	16	1788	178	16	1175	102	20	992	75	25	731	44	21	570	28	20	686	32
stolpern	NA	NA	NA	17	2048	200	20	1546	126	17	1086	86	27	871	51	20	586	29	21	692	31
stolz	NA	NA	NA	21	1763	163	20	1117	91	23	988	72	28	743	43	21	535	26	20	653	30
Storch	10	3928	433	18	2344	226	17	1376	117	17	1093	87	29	864	49	21	588	29	20	680	31
stören	NA	NA	NA	22	2142	196	22	1447	114	20	1029	78	29	769	44	22	593	29	20	660	30
stoßen	NA	NA	NA	16	2465	245	15	1345	119	19	1052	81	27	752	44	19	590	30	19	671	31
Strafe	NA	NA	NA	15	2023	205	19	1320	109	19	1181	91	25	819	49	21	586	29	20	705	32
Strand	14	3293	333	15	1861	188	21	1101	88	22	932	69	28	701	41	21	552	27	20	660	30
Straße	16	3404	333	18	1772	171	18	1192	100	19	889	69	27	720	42	21	552	27	20	666	31
Streich	11	4571	492	19	2415	229	19	1606	132	19	1152	89	29	848	49	22	629	30	20	666	31
Streit	16	3258	318	21	2174	201	18	1427	119	19	1175	91	29	725	41	20	544	27	20	709	33
Stroh	NA	NA	NA	17	2166	212	19	1387	114	17	1059	84	25	791	47	21	569	28	20	657	30
Strömung	NA	NA	NA	18	2764	266	17	1756	150	19	1204	93	27	861	50	21	598	29	19	688	32
Strumpf	15	4031	400	19	2285	217	16	1458	126	17	1130	90	23	846	52	19	591	30	19	738	34
Stück	17	2671	257	18	1794	173	19	1203	99	17	1026	82	28	753	44	21	527	26	21	634	29
Stufe	12	2963	312	25	1935	171	19	1203	99	19	960	74	30	694	39	20	592	29	20	661	30
Stuhl	13	3252	335	17	2127	208	20	1071	87	22	977	72	30	716	41	21	535	26	20	642	29
Stunde	12	3390	357	19	1849	176	20	1169	95	18	994	78	28	688	40	20	544	27	21	637	29
Sturm	16	2917	285	19	1578	150	21	1281	102	17	1017	81	27	712	42	21	520	25	20	642	29
suchen	NA	NA	NA	24	1717	153	20	1183	96	20	974	74	29	732	42	21	585	29	20	694	32
Suppe	NA	NA	NA	16	1380	137	19	1159	95	19	897	69	27	803	47	21	541	27	21	664	30
süß	NA	NA	NA	23	1452	131	23	1001	78	21	872	65	29	672	38	21	525	26	20	640	29
Tafel	12	2849	300	19	1519	144	21	1271	102	21	1015	76	29	720	41	22	522	25	20	688	32
Tag	18	2214	210	23	1234	112	21	979	78	22	932	69	28	664	38	22	565	27	19	663	31
Tal	NA	NA	NA	14	1644	169	16	1283	111	18	1030	81	20	815	52	19	609	31	19	689	32
Tanne	19	2909	272	17	1742	170	23	1265	98	17	968	77	26	766	45	20	581	29	20	674	31
Tante	17	3504	337	22	1794	164	21	1259	101	21	981	73	31	748	42	20	570	28	19	649	30
tanzen	NA	NA	NA	20	1764	165	20	1139	92	19	877	68	29	708	41	22	563	27	18	684	32
Tasche	18	3229	306	25	1655	146	16	1128	98	20	1027	78	30	722	41	21	549	27	20	648	30
Tasse	16	2762	270	22	1695	155	17	1149	98	22	968	71	30	731	41	22	544	26	19	637	30
Tastatur	NA	NA	NA	15	2651	268	18	1647	138	17	1266	101	27	894	52	21	609	30	21	793	36
Tatsache	11	4883	525	17	2905	284	12	1804	170	19	1313	101	28	944	55	21	587	29	20	685	31
Taube	18	2927	278	22	1729	158	19	1175	97	21	954	71	26	730	43	22	518	25	20	664	30
tauchen	NA	NA	NA	19	1744	166	22	1305	103	20	1017	77	25	783	47	21	575	28	21	709	32
Teddybär	NA	NA	NA	16	2178	216	21	1464	117	21	1181	88	26	877	52	21	647	32	21	733	33
Tee	15	2111	210	23	1211	109	21	881	71	23	896	65	31	714	40	20	541	27	19	633	29
Teelöffel	NA	NA	NA	18	2834	273	18	1497	125	22	1251	92	26	908	54	21	621	30	20	740	34
Teil	13	3321	342	18	1737	167	19	1147	94	19	954	74	24	721	44	20	548	27	20	708	32
Telefon	NA	NA	NA	22	1671	153	22	1124	89	21	866	65	27	711	42	22	573	28	20	669	31
Teller	11	2819	303	22	1663	152	17	1057	90	19	888	69	30	745	42	22	567	27	20	663	30
Teppich	NA	NA	NA	14	1930	199	19	1176	97	19	962	74	27	815	48	20	566	28	21	658	30
teuer	NA	NA	NA	23	1906	172	19	1351	111	21	1084	81	30	724	41	20	556	28	20	645	30
Teufel	14	3445	348	23	2027	183	16	1335	115	17	1045	83	29	714	41	21	538	26	20	675	31
Text	12	3525	371	20	1634	153	22	999	79	20	983	75	29	711	41	22	536	26	20	688	32
tief	NA	NA	NA	22	1940	177	18	1200	100	18	965	76	28	923	53	19	568	29	18	720	34
Tier	20	2502	231	17	1423	139	23	1001	78	17	912	73	27	724	42	20	548	27	18	668	31
Tiger	20	2772	256	21	1607	149	19	1212	100	19	889	69	27	685	40	19	611	31	21	738	33
Tipp	17	2730	263	21	1537	142	20	986	80	19	966	74	24	787	48	19	558	28	15	726	36
Tisch	13	2601	268	24	1543	138	19	1117	92	18	919	72	30	713	40	20	531	26	20	658	30
Tochter	10	3055	337	19	1977	188	21	1399	112	21	1023	77	27	690	40	21	537	26	21	645	29
toll	NA	NA	NA	20	1295	121	20	1001	81	21	850	64	25	705	42	21	563	28	21	696	32
Tomate	18	3095	294	17	1674	164	20	1258	102	20	968	73	28	748	43	21	555	27	20	665	31
Ton	NA	NA	NA	17	2079	203	15	1142	101	19	1060	82	24	739	45	21	537	26	20	687	32
Topf	16	2934	287	22	1556	142	18	1109	93	19	906	70	30	737	42	20	536	27	20	648	30
Tor	18	2101	199	20	1379	129	22	1017	80	22	851	63	25	717	43	20	544	27	21	690	31
tot	NA	NA	NA	12	1537	165	17	1140	97	22	979	72	25	746	45	20	555	28	19	673	31
tragen	NA	NA	NA	25	1922	170	20	1336	108	20	1079	82	27	755	44	22	599	29	20	666	31
Traum	16	3086	302	20	1624	152	21	1096	88	21	877	66	28	697	40	21	536	26	20	653	30
traurig	NA	NA	NA	19	1859	177	20	1318	107	17	959	76	28	733	42	20	541	27	21	689	31
treffen	NA	NA	NA	18	1838	177	21	1269	101	19	1002	77	27	732	43	21	539	26	21	651	30
treiben	NA	NA	NA	15	2139	216	16	1404	121	18	1202	94	28	864	50	21	618	30	21	703	32
trennen	NA	NA	NA	21	2250	208	17	1435	122	22	1121	83	28	747	43	21	565	28	20	678	31
Treppe	13	2999	309	22	1842	168	21	1376	110	20	895	68	29	738	42	22	554	27	20	662	30
treten	NA	NA	NA	17	1945	190	19	1462	121	19	1191	92	25	817	49	21	576	28	20	689	32
trinken	NA	NA	NA	19	1872	178	21	1071	86	20	876	67	28	711	41	21	548	27	20	657	30
trocken	NA	NA	NA	21	1973	183	19	1282	105	21	981	73	29	768	44	22	570	28	20	676	31
Trommel	13	3556	367	17	1942	190	20	1346	109	19	1051	81	27	798	47	19	591	30	21	681	31
Trommler	NA	NA	NA	15	2484	251	19	1648	136	18	1222	96	25	873	52	19	696	35	19	766	36
Tube	12	3220	339	18	1882	181	17	1416	120	12	1140	100	24	895	54	16	639	34	20	727	33
Tür	15	1994	198	25	1243	110	18	943	79	20	795	60	29	666	38	21	520	25	20	660	30
Turm	16	2570	251	18	1616	156	19	1349	111	18	985	77	26	749	44	19	568	29	20	691	32
turnen	NA	NA	NA	23	2113	191	19	1213	100	22	1236	91	29	824	47	20	603	30	20	675	31
Tüte	12	3229	340	25	1759	156	19	1147	94	20	907	69	29	714	41	19	556	28	20	658	30
üben	NA	NA	NA	22	1520	139	19	1090	90	23	949	69	30	757	43	21	526	26	20	668	31
Überraschung	NA	NA	NA	17	2618	256	21	1423	114	23	1085	79	27	780	46	21	585	29	21	678	31
Übung	NA	NA	NA	15	1882	190	20	1138	92	20	883	67	26	724	43	21	560	27	20	668	31
Uhr	17	2294	221	25	1231	109	22	983	78	21	846	63	28	694	40	21	555	27	19	624	29
Uhu	9	3555	403	17	2043	200	17	1361	116	20	1084	82	26	847	50	17	593	31	18	695	33
Umarmung	NA	NA	NA	15	2855	289	15	1849	163	18	1540	121	25	939	56	21	569	28	21	769	35
Unfall	13	3289	339	19	1909	181	19	1303	107	17	908	72	27	752	44	20	543	27	20	640	29
Ungeheuer	NA	NA	NA	18	2625	253	16	1536	133	18	1280	100	27	908	53	22	612	30	19	687	32
Universität	NA	NA	NA	10	3342	377	18	2158	180	18	1374	108	24	1029	62	21	622	30	19	743	35
Unterhemd	NA	NA	NA	20	2982	279	15	1847	163	19	1537	119	27	979	57	21	605	30	19	690	32
Unterhose	NA	NA	NA	15	2295	232	20	1487	121	21	1149	86	28	835	48	20	568	28	19	672	31
Unwetter	NA	NA	NA	18	2288	220	20	1537	125	16	1193	97	26	827	49	22	585	28	20	665	31
Urlaub	11	3047	328	18	1814	175	19	1109	91	19	949	73	27	768	45	21	552	27	19	633	29
Urlauber	13	4209	434	17	1961	192	16	1600	138	19	1203	93	27	896	52	18	661	34	21	734	33
Urwald	15	3578	356	23	2084	188	18	1553	130	20	1107	84	26	844	50	21	622	30	19	679	32
Vampir	16	3222	315	20	1913	179	22	1322	104	21	1011	76	25	776	46	21	572	28	17	747	36
Vanille	NA	NA	NA	15	2198	222	16	1270	110	18	963	75	25	791	47	21	595	29	21	690	31
Vase	11	3181	342	17	1706	167	21	1158	92	20	1043	79	29	797	46	16	614	32	20	679	31
Vater	12	3634	382	18	1576	152	21	1085	87	22	930	69	27	675	39	21	516	25	20	642	29
Veilchen	NA	NA	NA	9	2934	341	17	2078	177	13	1420	122	18	1131	74	13	717	39	19	754	35
verändern	NA	NA	NA	13	2812	296	16	1571	136	21	1295	97	29	832	48	22	572	28	18	719	34
verbieten	NA	NA	NA	13	2368	249	15	1658	146	18	1133	89	28	871	50	21	604	30	21	726	33
verblüffen	NA	NA	NA	12	2741	294	19	1778	146	17	1279	102	24	984	59	20	639	32	20	724	33
verbrauchen	NA	NA	NA	17	2730	267	21	1759	140	17	1325	105	26	921	54	21	609	30	21	737	33
verbuddeln	NA	NA	NA	15	3173	321	16	2200	190	16	1490	121	20	1035	66	13	793	44	19	931	43
verdauen	NA	NA	NA	15	2750	278	19	1692	140	18	1295	101	28	903	52	19	611	31	19	702	33
verderben	NA	NA	NA	15	3320	336	14	1928	173	17	1520	121	26	1083	64	20	670	33	20	784	36
verdienen	NA	NA	NA	15	2556	259	17	1773	151	22	1278	94	30	825	47	21	562	28	20	688	32
verdonnern	NA	NA	NA	11	3015	332	11	2113	204	17	1597	127	23	1005	62	18	693	35	20	808	37
verdrehen	NA	NA	NA	13	2443	257	21	1825	146	20	1285	98	26	878	52	20	597	30	20	690	32
verdrücken	NA	NA	NA	19	2603	247	20	1581	128	20	1332	101	28	985	57	20	611	30	19	749	35
verfahren	NA	NA	NA	16	2485	247	21	1701	136	18	1252	98	27	993	58	20	589	29	20	754	35
verfolgen	NA	NA	NA	17	2671	261	19	1668	137	18	1123	88	28	840	49	20	574	28	20	701	32
vergeben	NA	NA	NA	17	2467	241	21	1549	124	20	1160	88	29	859	49	21	582	29	20	679	31
vergessen	NA	NA	NA	22	1998	183	19	1389	114	23	1002	73	28	710	41	22	542	26	20	699	32
vergeuden	NA	NA	NA	9	2997	348	5	2099	251	9	1631	155	13	1037	74	17	671	35	19	761	35
Vergleich	16	4510	441	18	2420	233	20	1640	133	21	1256	94	30	835	47	22	562	27	20	684	31
verglühen	NA	NA	NA	17	3050	298	13	2035	187	21	1452	109	24	1059	64	21	629	31	19	764	36
vergnügen	NA	NA	NA	18	2415	233	22	1694	134	19	1244	96	27	909	53	21	595	29	19	644	30
verhaspeln	NA	NA	NA	7	2827	351	5	1831	219	6	1453	153	15	1198	83	16	841	44	19	885	41
verheilen	NA	NA	NA	13	2897	305	12	1899	179	16	1599	129	22	1002	62	20	706	35	18	788	37
verkaufen	NA	NA	NA	23	1954	177	20	1308	106	22	1003	74	30	830	47	21	542	27	19	643	30
Verkehr	11	4432	477	13	2232	235	18	1447	121	22	1047	77	25	792	47	21	553	27	21	646	29
verkehren	NA	NA	NA	8	2454	294	10	1487	148	14	1358	114	27	909	53	22	636	31	20	686	32
verlaufen	NA	NA	NA	22	2142	196	19	1401	115	20	986	75	28	775	45	22	595	29	20	748	34
verletzen	NA	NA	NA	15	2594	262	20	1459	118	21	1038	78	27	799	47	21	570	28	20	770	35
verlieben	NA	NA	NA	22	2195	201	20	1491	121	22	1109	82	31	850	48	22	588	28	19	727	34
verlieren	NA	NA	NA	18	2381	229	19	1620	133	17	1049	83	25	888	53	21	572	28	21	700	32
Verlierer	12	4670	491	21	2623	243	17	1874	159	17	1424	113	29	861	49	22	609	30	20	739	34
verloben	NA	NA	NA	19	2380	226	20	1562	127	20	1095	83	27	873	51	19	601	30	21	731	33
vermissen	NA	NA	NA	19	2359	224	19	1360	112	19	1099	85	26	845	50	21	566	28	20	664	30
vermuten	NA	NA	NA	20	2425	227	21	1659	133	19	1243	96	28	866	50	20	567	28	19	707	33
verpacken	NA	NA	NA	17	2242	219	18	1406	118	20	1115	85	27	781	46	21	548	27	19	686	32
verpassen	NA	NA	NA	15	1746	177	19	1344	111	21	1044	78	27	803	47	21	564	28	19	685	32
verraten	NA	NA	NA	17	2142	209	19	1590	131	23	1164	85	30	823	47	22	579	28	19	721	34
verschwenden	NA	NA	NA	17	2989	292	20	2062	167	15	1613	133	24	984	60	20	648	32	20	747	34
versinken	NA	NA	NA	14	2804	289	19	1664	137	20	1270	96	28	881	51	21	597	29	19	734	34
versprechen	NA	NA	NA	24	2594	232	21	1644	131	20	1160	88	30	875	50	22	607	29	20	701	32
Verstand	12	4678	492	22	2373	217	21	1480	118	20	1028	78	28	859	50	21	584	29	20	682	31
verstecken	NA	NA	NA	24	1902	170	23	1485	116	21	1033	77	28	754	44	22	590	29	20	706	32
verstopfen	NA	NA	NA	23	2606	235	20	1790	145	19	1371	106	27	803	47	22	625	30	19	706	33
vertauschen	NA	NA	NA	19	2528	240	18	1688	141	19	1361	105	28	862	50	22	601	29	20	711	33
verteidigen	NA	NA	NA	18	2941	283	16	1642	142	18	1632	128	24	1035	63	20	615	31	20	684	31
verteilen	NA	NA	NA	16	3005	299	17	1619	138	22	1211	89	29	893	51	21	585	29	20	727	33
vertrauen	NA	NA	NA	18	2160	208	19	1275	105	19	1124	87	27	786	46	20	596	30	21	682	31
vertreten	NA	NA	NA	12	3200	344	15	1894	167	19	1443	111	26	962	57	21	599	29	20	682	31
verwelken	NA	NA	NA	13	2900	305	11	1897	183	13	1653	142	20	973	62	19	723	36	20	777	36
verwöhnen	NA	NA	NA	18	2733	263	16	2060	178	20	1256	95	29	938	54	22	605	29	20	656	30
verzagen	NA	NA	NA	6	2577	333	10	2145	213	7	1133	115	15	1038	72	18	697	36	18	723	34
verzeihen	NA	NA	NA	19	2863	272	16	1687	146	18	1140	89	24	831	50	20	583	29	21	758	34
Video	10	3056	337	18	1561	150	19	1238	102	18	1035	81	27	752	44	20	572	28	21	728	33
Virus	NA	NA	NA	13	2467	259	10	1716	171	17	1229	98	23	890	54	20	584	29	20	737	34
Vogel	13	2153	222	23	1367	123	23	951	74	21	736	55	29	687	39	21	556	27	20	625	29
Volk	NA	NA	NA	8	1969	236	13	1439	133	16	1152	93	24	839	51	20	537	27	19	663	31
voll	NA	NA	NA	22	1581	144	19	1051	87	22	931	69	28	689	40	22	526	25	20	651	30
vorsichtig	NA	NA	NA	19	2653	252	22	1465	116	20	1126	86	28	790	46	22	605	29	20	751	34
Vortag	NA	NA	NA	9	2299	267	15	1434	127	11	1324	119	24	889	54	19	591	30	19	804	37
Vulkan	10	3761	415	14	1968	203	16	1214	105	18	1027	80	25	829	50	18	615	31	21	718	33
wach	NA	NA	NA	21	1664	154	19	1399	115	18	953	75	27	792	46	18	576	29	19	693	32
wachsen	NA	NA	NA	16	2354	234	19	1456	120	19	1017	78	28	800	46	21	572	28	19	685	32
wackeln	NA	NA	NA	13	1983	209	17	1344	114	20	1090	83	27	819	48	20	627	31	21	727	33
Waffe	NA	NA	NA	15	1895	192	18	1407	118	21	950	71	30	759	43	22	517	25	20	659	30
Wagen	13	3028	312	18	1898	183	18	1320	111	18	971	76	25	763	46	20	555	28	20	643	30
Wahl	14	2774	280	21	1928	178	21	1143	91	18	1073	84	27	742	43	21	543	27	20	669	31
Wahrheit	14	4253	430	20	2522	236	17	1423	121	16	1122	91	27	796	47	22	558	27	20	658	30
Wal	12	2710	285	16	1532	152	16	1005	87	14	999	84	24	778	47	17	572	30	18	754	36
Wald	13	2419	250	25	1427	126	20	1144	93	20	844	64	26	670	40	22	500	24	20	636	29
Wall	NA	NA	NA	15	1833	185	14	1351	122	15	1028	85	23	867	53	15	544	29	19	753	35
Wand	15	2811	279	22	1492	136	16	1385	120	20	902	69	29	710	41	22	537	26	20	675	31
Wanne	18	3131	297	18	1709	165	19	1202	99	20	998	76	30	755	43	18	539	27	20	645	30
Ware	NA	NA	NA	8	2442	293	14	1299	117	12	1135	100	21	1066	67	18	612	31	19	696	32
warm	NA	NA	NA	21	1676	155	22	1183	93	20	934	71	30	753	43	20	548	27	19	655	30
Wärme	17	3034	292	18	1816	175	20	1158	94	23	1043	76	25	748	45	21	553	27	21	661	30
warnen	NA	NA	NA	16	2241	223	16	1457	126	19	1185	91	21	940	59	20	554	28	21	700	32
warten	NA	NA	NA	16	1610	160	20	1300	106	22	987	73	25	764	46	21	572	28	21	658	30
waschen	NA	NA	NA	22	1769	162	18	1314	110	19	1034	80	30	759	43	22	553	27	20	689	32
Wasser	17	2591	249	21	1337	124	22	969	77	22	873	65	28	630	36	21	529	26	20	635	29
Weg	15	2355	234	23	1150	104	21	896	72	20	831	63	30	685	39	20	517	26	20	648	30
weich	NA	NA	NA	18	1595	154	19	1134	94	20	874	66	27	719	42	20	568	28	21	663	30
Wein	14	2820	285	17	1482	145	20	1112	90	19	815	63	28	744	43	21	523	26	20	660	30
weinen	NA	NA	NA	18	1901	183	22	1340	105	17	1056	84	26	776	46	20	555	28	21	708	32
weiß	NA	NA	NA	23	1443	130	19	1105	91	21	955	71	30	709	40	22	580	28	19	638	30
weit	NA	NA	NA	20	1670	156	19	1103	91	22	1017	75	28	780	45	20	596	30	19	692	32
Welle	14	2980	301	16	1688	168	17	1176	100	21	992	74	26	811	48	21	552	27	20	646	30
Welpe	7	3227	389	19	1997	190	17	1501	128	20	1130	86	27	860	50	20	634	31	17	746	36
Welt	12	2919	307	24	1539	138	19	968	80	20	873	66	29	691	40	19	529	27	19	656	30
Weltkugel	NA	NA	NA	15	2538	257	20	1714	139	20	1325	101	28	968	56	22	605	29	20	727	33
Weltraum	17	3992	384	22	2230	204	17	1563	133	18	1009	79	29	813	47	22	595	29	20	718	33
werfen	NA	NA	NA	18	1980	191	21	1252	100	23	977	71	27	779	46	21	612	30	19	741	34
Werkzeug	NA	NA	NA	19	2364	224	19	1516	125	19	1029	79	29	812	46	22	555	27	20	669	31
Weste	9	3669	416	16	2318	230	17	1360	116	17	1071	85	25	747	45	20	573	28	20	673	31
wetten	NA	NA	NA	15	2101	212	16	1403	122	19	1150	89	26	793	47	20	551	27	20	680	31
Wetter	18	2867	272	20	1606	150	21	1116	89	21	938	70	30	637	36	22	531	26	20	640	29
Wiese	15	2936	292	20	1516	142	18	1274	106	20	975	74	29	731	42	22	548	27	20	653	30
wild	NA	NA	NA	16	1525	152	17	1223	104	17	1007	80	26	747	44	21	573	28	19	652	30
Wind	17	2557	246	19	1468	139	19	973	80	19	1008	78	28	681	39	21	537	26	21	658	30
Winter	16	2993	293	24	1631	146	19	1155	95	20	909	69	29	716	41	21	508	25	20	654	30
wirklich	NA	NA	NA	23	2213	200	18	1304	109	19	1074	83	29	741	42	20	544	27	20	684	31
Wirt	NA	NA	NA	9	2135	248	13	1494	137	15	987	81	16	856	58	20	628	31	20	679	31
wissen	NA	NA	NA	18	1496	144	19	1203	99	21	1041	78	31	694	39	22	534	26	19	659	31
Witwe	NA	NA	NA	9	2792	324	9	1705	175	10	1384	128	14	1037	73	20	611	30	21	678	31
Witz	15	2699	268	18	1744	168	21	1146	91	19	878	68	27	721	42	20	565	28	20	667	31
Woche	13	2704	279	17	1443	141	19	939	77	19	870	67	27	708	41	21	522	26	20	646	30
wohnen	NA	NA	NA	19	1967	187	21	1176	94	21	1028	77	27	683	40	20	572	28	20	657	30
Wohnung	9	3171	359	19	1985	188	22	1287	101	20	940	71	27	725	42	21	532	26	19	644	30
Wolf	16	2746	268	18	1479	142	23	1066	83	17	854	68	27	656	38	21	533	26	20	623	29
Wolke	17	2891	278	23	1607	145	19	1083	89	20	951	72	28	713	41	20	558	28	20	659	30
Wolle	12	2881	303	17	1932	189	18	1188	99	19	1021	79	25	708	42	21	551	27	19	661	31
Wort	19	2657	249	24	1510	135	21	1062	85	19	885	68	29	679	39	22	515	25	20	655	30
Wunde	16	3370	329	14	2010	207	18	1419	118	20	1104	84	27	730	43	20	574	28	21	658	30
Wunsch	15	3142	312	20	1721	161	20	1239	101	19	998	77	27	777	45	21	592	29	20	658	30
wünschen	NA	NA	NA	20	1965	184	20	1475	120	19	1108	85	27	800	47	21	617	30	21	687	31
Wurm	16	2904	284	18	1640	158	22	1058	83	19	932	72	26	740	44	21	544	27	20	665	31
Wurzel	12	3470	365	17	1890	185	20	1217	99	22	1015	75	28	785	45	21	567	28	20	680	31
Wut	NA	NA	NA	18	1613	155	18	1077	90	20	996	76	27	741	43	21	555	27	20	692	32
Zahl	16	2737	267	19	1425	135	20	1115	90	18	921	72	26	690	41	21	553	27	21	642	29
zahlen	NA	NA	NA	19	1724	164	20	1188	96	19	1130	87	28	715	41	21	563	28	21	704	32
zählen	NA	NA	NA	20	1795	168	21	1146	91	19	990	76	27	745	44	21	562	28	20	659	30
Zahn	16	2800	274	20	1475	138	19	1013	84	23	897	65	29	708	41	22	565	27	19	683	32
Zahnbürste	NA	NA	NA	20	2447	229	22	1587	125	21	1201	90	29	843	48	22	561	27	20	692	32
zanken	NA	NA	NA	14	2174	224	9	1483	152	20	1254	95	17	926	62	11	612	35	17	704	34
Zauberer	17	3222	310	23	2252	203	16	1272	110	20	1152	87	26	797	47	20	618	31	20	678	31
Zaun	18	2784	264	20	1623	152	21	1072	86	18	1020	80	24	802	49	19	563	28	21	719	33
Zeh	NA	NA	NA	20	1878	176	14	1571	142	18	1159	91	24	876	53	17	630	33	17	702	34
Zeichnung	NA	NA	NA	17	2277	223	20	1315	107	19	1067	82	25	773	46	21	559	27	21	680	31
zeigen	NA	NA	NA	16	1625	162	22	1154	91	21	1049	79	28	724	42	21	554	27	19	660	31
Zeit	12	2478	261	17	1430	140	19	975	80	18	834	65	28	660	38	21	541	26	19	646	30
Zeitraum	15	4137	411	20	2533	237	16	1943	168	20	1334	101	28	849	49	22	580	28	20	699	32
Zettel	17	3612	348	21	1973	182	18	1270	106	22	1045	77	29	761	44	21	578	28	19	687	32
Zeug	12	3442	362	16	2121	211	19	1147	94	17	954	76	26	791	47	20	590	29	21	669	30
Ziege	17	2713	261	22	1706	156	18	1290	108	17	983	78	29	753	43	21	528	26	20	649	30
ziehen	NA	NA	NA	19	2015	191	18	1361	114	23	944	69	30	776	44	22	552	27	20	690	32
Ziel	14	2997	303	23	1643	148	17	989	84	19	874	67	27	699	41	20	543	27	20	670	31
Zimmer	15	2441	243	18	1467	141	18	1068	89	17	838	67	27	687	40	21	534	26	20	650	30
Zirkus	15	3213	319	18	1711	165	22	1131	89	21	904	68	28	733	42	21	563	28	20	652	30
Zitrone	NA	NA	NA	19	1819	173	20	1358	110	20	1030	78	30	750	43	22	561	27	20	671	31
Zoo	15	1656	165	23	1177	106	21	886	71	22	837	62	29	665	38	21	524	26	20	670	31
Zucker	14	2563	259	16	1785	177	21	1078	86	20	792	60	27	722	42	20	524	26	21	628	28
Zug	16	2406	235	21	1372	127	21	979	78	23	945	69	30	697	40	22	529	26	20	667	31
zuhören	NA	NA	NA	24	2101	188	17	1342	114	19	1104	85	30	784	44	22	584	28	20	694	32
Zukunft	NA	NA	NA	23	2298	208	19	1219	100	23	1019	74	31	796	45	22	545	26	20	659	30
Zunge	14	2458	249	17	1770	173	19	1283	105	21	984	74	27	809	47	21	581	28	20	637	29
Zwerg	17	3413	328	21	1667	154	20	1087	88	20	963	73	27	718	42	20	573	28	20	658	30
Zwiebel	15	3848	382	22	1926	176	16	1418	123	17	987	79	27	771	45	21	546	27	20	675	31
Zwilling	13	4394	453	21	2053	190	18	1354	113	17	1048	83	28	832	48	21	590	29	20	717	33